State,Year,Fuels_ratio
AK,1960,0.684466920293217
AK,1961,0.8697456540324879
AK,1962,0.9099313578575917
AK,1963,0.9113757065038154
AK,1964,0.9101753919155635
AK,1965,0.9096759828661096
AK,1966,0.9290786784741144
AK,1967,0.9590201265540665
AK,1968,0.9798732682283638
AK,1969,0.983060695002354
AK,1970,0.9856343799287817
AK,1971,0.9849306351868177
AK,1972,0.9847728122547789
AK,1973,0.9862935924378923
AK,1974,0.9851407428022965
AK,1975,0.9853879790325647
AK,1976,0.9834872098552753
AK,1977,0.9904212668123542
AK,1978,0.9961793813842664
AK,1979,0.9966571140810427
AK,1980,0.9977419346083803
AK,1981,0.9974909668271839
AK,1982,0.9977442747914389
AK,1983,0.9975585981006962
AK,1984,0.9971954545843202
AK,1985,0.9972178258429341
AK,1986,0.9975117579084077
AK,1987,0.9973869390062224
AK,1988,0.9973152792172735
AK,1989,0.9958752444730592
AK,1990,0.9956625836465439
AK,1991,0.99600848254953
AK,1992,0.995636504959926
AK,1993,0.9947206499116041
AK,1994,0.9940590612979341
AK,1995,0.9939792636917177
AK,1996,0.9940480203894493
AK,1997,0.9955015859197089
AK,1998,0.9956687540245946
AK,1999,0.9963510000003573
AK,2000,0.9953898319426774
AK,2001,0.9935507230408825
AK,2002,0.993261806690066
AK,2003,0.9927204329114285
AK,2004,0.9926747984425941
AK,2005,0.993433455274778
AK,2006,0.9936718107196614
AK,2007,0.9931621891516672
AK,2008,0.9933225981934353
AK,2009,0.9915413964650209
AK,2010,0.9902470516949377
AK,2011,0.9902154320995167
AK,2012,0.9886255699998849
AK,2013,0.987697412348686
AK,2014,0.9865864347288512
AK,2015,0.9833565744992426
AK,2016,0.9824802923318622
AK,2017,0.9837634250364121
AK,2018,0.9828816674972866
AK,2019,0.983403279937475
AK,2020,0.9817200037061058
AK,2021,0.9820582223446102
AL,1960,0.762120752043321
AL,1961,0.7514185577259267
AL,1962,0.7409572064870039
AL,1963,0.7597537028785123
AL,1964,0.745055074991409
AL,1965,0.7710718236609951
AL,1966,0.7653356302260762
AL,1967,0.7452960996348369
AL,1968,0.7753304041083074
AL,1969,0.7818963463854226
AL,1970,0.8050199216088005
AL,1971,0.7544474594373071
AL,1972,0.7761202335612664
AL,1973,0.7422263127408827
AL,1974,0.7064291458245308
AL,1975,0.7525431191983742
AL,1976,0.7543795495185247
AL,1977,0.6357387243158138
AL,1978,0.6369516372005821
AL,1979,0.6462849738934353
AL,1980,0.6284062156845232
AL,1981,0.6286101235026276
AL,1982,0.5972540625613687
AL,1983,0.586188038105556
AL,1984,0.6166735386381238
AL,1985,0.6976218255106931
AL,1986,0.7226474505280147
AL,1987,0.7162649646865286
AL,1988,0.7221883362035231
AL,1989,0.6879912003946882
AL,1990,0.7174258259466669
AL,1991,0.6933101170889387
AL,1992,0.6914445511598679
AL,1993,0.6931795288164486
AL,1994,0.6661695115664905
AL,1995,0.6737006264108797
AL,1996,0.6348363263117545
AL,1997,0.6429117087331242
AL,1998,0.6305603813020845
AL,1999,0.6114305418307046
AL,2000,0.616148489284962
AL,2001,0.6168584931662863
AL,2002,0.6060136731909475
AL,2003,0.5964756747371619
AL,2004,0.5978428790643663
AL,2005,0.5935522236191613
AL,2006,0.5757337357340473
AL,2007,0.5816652301474344
AL,2008,0.5671932785808058
AL,2009,0.5305278653728905
AL,2010,0.553133978170127
AL,2011,0.5266331886305129
AL,2012,0.53570127100737
AL,2013,0.5002083115287095
AL,2014,0.48717708996780396
AL,2015,0.44936244775860235
AL,2016,0.4205542128384027
AL,2017,0.42721756689526
AL,2018,0.44447610623162837
AL,2019,0.4131116394107247
AL,2020,0.3835786488436311
AL,2021,0.3313464272550155
AR,1960,0.8337256609943345
AR,1961,0.824373559883108
AR,1962,0.8312019644736423
AR,1963,0.8527356573943241
AR,1964,0.8481069802326863
AR,1965,0.8385447640510397
AR,1966,0.8299026736771451
AR,1967,0.8426274702478437
AR,1968,0.8113973607761535
AR,1969,0.8146222313747026
AR,1970,0.8396587753538699
AR,1971,0.8438419883770408
AR,1972,0.8415304400985181
AR,1973,0.7695249376031135
AR,1974,0.7305937081828969
AR,1975,0.6389337268828115
AR,1976,0.6843620631558679
AR,1977,0.6557267802777877
AR,1978,0.6401780327912807
AR,1979,0.6503662404528581
AR,1980,0.5937481214307183
AR,1981,0.551668833521601
AR,1982,0.5994292362851921
AR,1983,0.5771207739529248
AR,1984,0.5455448542691016
AR,1985,0.5595756709805413
AR,1986,0.5550527178471603
AR,1987,0.5281448130111183
AR,1988,0.5770923016336452
AR,1989,0.5329842794415721
AR,1990,0.5107330557641117
AR,1991,0.48552891671544796
AR,1992,0.5348167555069935
AR,1993,0.4841991819872546
AR,1994,0.4846710674659638
AR,1995,0.5147608079770444
AR,1996,0.5201024070867487
AR,1997,0.4893865609840448
AR,1998,0.4880113951095988
AR,1999,0.46754445053314647
AR,2000,0.48556382339069654
AR,2001,0.4634921389286131
AR,2002,0.4445609414091302
AR,2003,0.4544059668794709
AR,2004,0.4554635274666751
AR,2005,0.4731239110487953
AR,2006,0.546925854065013
AR,2007,0.5223441807301822
AR,2008,0.6423060291169264
AR,2009,0.7181574448051143
AR,2010,0.7743570093666405
AR,2011,0.8064825611012373
AR,2012,0.8132383684184938
AR,2013,0.8303083447770001
AR,2014,0.8135802655795343
AR,2015,0.8028156108376382
AR,2016,0.7732124031200208
AR,2017,0.7478103924205503
AR,2018,0.7082585955489498
AR,2019,0.6713038597496895
AR,2020,0.6563725020290522
AR,2021,0.6545741067568045
AZ,1960,0.015107384925279691
AZ,1961,0.011913479411930378
AZ,1962,0.013427420506813701
AZ,1963,0.04928002618086615
AZ,1964,0.06836840102212799
AZ,1965,0.07140341446234268
AZ,1966,0.06615411834719251
AZ,1967,0.2450055531023778
AZ,1968,0.2439864180615953
AZ,1969,0.18416432162012653
AZ,1970,0.17310761035190228
AZ,1971,0.3105487821889909
AZ,1972,0.48726848694798286
AZ,1973,0.4908336060471891
AZ,1974,0.6416180426959226
AZ,1975,0.6616009503969748
AZ,1976,0.734332913782253
AZ,1977,0.7654073389831559
AZ,1978,0.7172988910558861
AZ,1979,0.7531341375350704
AZ,1980,0.6697506742253289
AZ,1981,0.7364119678904699
AZ,1982,0.7434301390596916
AZ,1983,0.5900647304219008
AZ,1984,0.5752253995105097
AZ,1985,0.5376900231551395
AZ,1986,0.4772043098887506
AZ,1987,0.48879060279837433
AZ,1988,0.4452582570890922
AZ,1989,0.5901226891689335
AZ,1990,0.4461550995251766
AZ,1991,0.453630193671403
AZ,1992,0.4375002965294197
AZ,1993,0.4576513510704104
AZ,1994,0.4627650806504528
AZ,1995,0.4047913850313383
AZ,1996,0.35613788524661366
AZ,1997,0.3642969541566903
AZ,1998,0.35870088952107815
AZ,1999,0.3744408945686901
AZ,2000,0.40772398886969546
AZ,2001,0.42948792874717284
AZ,2002,0.40693544926914405
AZ,2003,0.4083901596624431
AZ,2004,0.4268046696132326
AZ,2005,0.43157051413062136
AZ,2006,0.35239437335454626
AZ,2007,0.3243899588327728
AZ,2008,0.302862547157719
AZ,2009,0.28707165606791724
AZ,2010,0.29063927137739026
AZ,2011,0.2851496072474122
AZ,2012,0.2723473090984992
AZ,2013,0.2774109684442551
AZ,2014,0.2749180091855025
AZ,2015,0.2383226590106007
AZ,2016,0.1966282580399645
AZ,2017,0.2157462814981112
AZ,2018,0.22647758698308573
AZ,2019,0.1460422428029893
AZ,2020,0.0001993218903189773
AZ,2021,0.0005423764092280043
CA,1960,0.8973162295705055
CA,1961,0.9052499873085451
CA,1962,0.8777540975325663
CA,1963,0.8725245118804095
CA,1964,0.8813511997568612
CA,1965,0.8598773585062393
CA,1966,0.8806924250066085
CA,1967,0.8563507421521964
CA,1968,0.8779446868976308
CA,1969,0.8348303303884242
CA,1970,0.8318976170635004
CA,1971,0.819665297692714
CA,1972,0.8283112940217131
CA,1973,0.801372245600488
CA,1974,0.7618376093437105
CA,1975,0.7686751901952541
CA,1976,0.822818850908636
CA,1977,0.8444891092155996
CA,1978,0.7766595365117478
CA,1979,0.7754089947476301
CA,1980,0.7847737082365288
CA,1981,0.8249885327559506
CA,1982,0.7781840549396981
CA,1983,0.7520584180704494
CA,1984,0.7639162901414025
CA,1985,0.7791000033284105
CA,1986,0.7411859729826323
CA,1987,0.7547033549230779
CA,1988,0.7488614656542638
CA,1989,0.6823191471637634
CA,1990,0.6903239640553048
CA,1991,0.6973931967668777
CA,1992,0.6826703190501293
CA,1993,0.6404392653203592
CA,1994,0.6696644047157356
CA,1995,0.6233895112241996
CA,1996,0.6248931296735829
CA,1997,0.645597912761897
CA,1998,0.6252552762310527
CA,1999,0.6427334491674637
CA,2000,0.6402728267978225
CA,2001,0.6679322496938049
CA,2002,0.6462657509206338
CA,2003,0.6244201479034043
CA,2004,0.6332936254990175
CA,2005,0.6016723585825082
CA,2006,0.5873935496401789
CA,2007,0.6152053729826967
CA,2008,0.625523279903353
CA,2009,0.6070940334918205
CA,2010,0.5853525859407752
CA,2011,0.5379000529534844
CA,2012,0.6138569070427594
CA,2013,0.6077502367066954
CA,2014,0.6112037833154015
CA,2015,0.6041735540350701
CA,2016,0.5345986943298716
CA,2017,0.4839307581139277
CA,2018,0.4837842756945509
CA,2019,0.45662803622230563
CA,2020,0.45544822354969916
CA,2021,0.43055451670555966
CO,1960,0.9648987739991534
CO,1961,0.9676914559110805
CO,1962,0.9612503672897408
CO,1963,0.9594350261423898
CO,1964,0.9586999440547801
CO,1965,0.9632829761223826
CO,1966,0.9627673705138313
CO,1967,0.9626734367238811
CO,1968,0.9616062722889314
CO,1969,0.9572865029954187
CO,1970,0.9474011274357494
CO,1971,0.9384504838169091
CO,1972,0.9491651650054193
CO,1973,0.9536475431549576
CO,1974,0.9553501601027018
CO,1975,0.9583068479754508
CO,1976,0.9632134247031596
CO,1977,0.9633690526856936
CO,1978,0.9509087765113711
CO,1979,0.9570543237934803
CO,1980,0.9571489865700664
CO,1981,0.9574512584434419
CO,1982,0.9552919633250088
CO,1983,0.9429155951350064
CO,1984,0.9499419578708265
CO,1985,0.9480428912053964
CO,1986,0.9393008529582977
CO,1987,0.9512345802313072
CO,1988,0.9500713411630894
CO,1989,0.9563310166871554
CO,1990,0.9698381038548006
CO,1991,0.9653360522448412
CO,1992,0.9715506566690599
CO,1993,0.9716441361052769
CO,1994,0.9778896658343791
CO,1995,0.9749261168513433
CO,1996,0.977334666238233
CO,1997,0.9773282240601022
CO,1998,0.983064444361328
CO,1999,0.9821014544563152
CO,2000,0.9829075368192464
CO,2001,0.9863185901331928
CO,2002,0.9890449898016187
CO,2003,0.9891991486858134
CO,2004,0.9897471489691023
CO,2005,0.9853052230324356
CO,2006,0.9801386337173105
CO,2007,0.9770378996580176
CO,2008,0.9674892668565485
CO,2009,0.9678620416215535
CO,2010,0.967344860915179
CO,2011,0.9613229618479235
CO,2012,0.9638497256920392
CO,2013,0.9578502188580961
CO,2014,0.958504453762666
CO,2015,0.9603816744658454
CO,2016,0.9512101545517452
CO,2017,0.9527663342251295
CO,2018,0.9568028885064268
CO,2019,0.9574711036717927
CO,2020,0.9510232141639391
CO,2021,0.9426762594684839
CT,1960,0.0
CT,1961,0.0
CT,1962,0.0
CT,1963,0.0
CT,1964,0.0
CT,1965,0.0
CT,1966,0.0
CT,1967,0.0
CT,1968,0.0
CT,1969,0.0
CT,1970,0.0
CT,1971,0.0
CT,1972,0.0
CT,1973,0.0
CT,1974,0.0
CT,1975,0.0
CT,1976,0.0
CT,1977,0.0
CT,1978,0.0
CT,1979,0.0
CT,1980,0.0
CT,1981,0.0
CT,1982,0.0
CT,1983,0.0
CT,1984,0.0
CT,1985,0.0
CT,1986,0.0
CT,1987,0.0
CT,1988,0.0
CT,1989,0.0
CT,1990,0.0
CT,1991,0.0
CT,1992,0.0
CT,1993,0.0
CT,1994,0.0
CT,1995,0.0
CT,1996,0.0
CT,1997,0.0
CT,1998,0.0
CT,1999,0.0
CT,2000,0.0
CT,2001,0.0
CT,2002,0.0
CT,2003,0.0
CT,2004,0.0
CT,2005,0.0
CT,2006,0.0
CT,2007,0.0
CT,2008,0.0
CT,2009,0.0
CT,2010,0.0
CT,2011,0.0
CT,2012,0.0
CT,2013,0.0
CT,2014,0.0
CT,2015,0.0
CT,2016,0.0
CT,2017,0.0
CT,2018,0.0
CT,2019,0.0
CT,2020,0.0
CT,2021,0.0
DC,1960,0.0
DC,1961,0.0
DC,1962,0.0
DC,1963,0.0
DC,1964,0.0
DC,1965,0.0
DC,1966,0.0
DC,1967,0.0
DC,1968,0.0
DC,1969,0.0
DC,1970,0.0
DC,1971,0.0
DC,1972,0.0
DC,1973,0.0
DC,1974,0.0
DC,1975,0.0
DC,1976,0.0
DC,1977,0.0
DC,1978,0.0
DC,1979,0.0
DC,1980,0.0
DC,1981,0.0
DC,1982,0.0
DC,1983,0.0
DC,1984,0.0
DC,1985,0.0
DC,1986,0.0
DC,1987,0.0
DC,1988,0.0
DC,1989,0.0
DC,1990,0.0
DC,1991,0.0
DC,1992,0.0
DC,1993,0.0
DC,1994,0.0
DC,1995,0.0
DC,1996,0.0
DC,1997,0.0
DC,1998,0.0
DC,1999,0.0
DC,2000,0.0
DC,2001,0.0
DC,2002,0.0
DC,2003,0.0
DC,2004,0.0
DC,2005,0.0
DC,2006,0.0
DC,2007,0.0
DC,2008,0.0
DC,2009,0.0
DC,2010,0.0
DC,2011,0.0
DC,2012,0.0
DC,2013,0.0
DC,2014,0.0
DC,2015,0.0
DC,2016,0.0
DC,2017,0.0
DC,2018,0.0
DC,2019,0.0
DC,2020,0.0
DC,2021,0.0
DE,1960,0.0
DE,1961,0.0
DE,1962,0.0
DE,1963,0.0
DE,1964,0.0
DE,1965,0.0
DE,1966,0.0
DE,1967,0.0
DE,1968,0.0
DE,1969,0.0
DE,1970,0.0
DE,1971,0.0
DE,1972,0.0
DE,1973,0.0
DE,1974,0.0
DE,1975,0.0
DE,1976,0.0
DE,1977,0.0
DE,1978,0.0
DE,1979,0.0
DE,1980,0.0
DE,1981,0.0
DE,1982,0.0
DE,1983,0.0
DE,1984,0.0
DE,1985,0.0
DE,1986,0.0
DE,1987,0.0
DE,1988,0.0
DE,1989,0.0
DE,1990,0.0
DE,1991,0.0
DE,1992,0.0
DE,1993,0.0
DE,1994,0.0
DE,1995,0.0
DE,1996,0.0
DE,1997,0.0
DE,1998,0.0
DE,1999,0.0
DE,2000,0.0
DE,2001,0.0
DE,2002,0.0
DE,2003,0.0
DE,2004,0.0
DE,2005,0.0
DE,2006,0.0
DE,2007,0.0
DE,2008,0.0
DE,2009,0.0
DE,2010,0.0
DE,2011,0.0
DE,2012,0.0
DE,2013,0.0
DE,2014,0.0
DE,2015,0.0
DE,2016,0.0
DE,2017,0.0
DE,2018,0.0
DE,2019,0.0
DE,2020,0.0
DE,2021,0.0
FL,1960,0.05757903911676923
FL,1961,0.060286689419795224
FL,1962,0.06447148527261333
FL,1963,0.06621363449493362
FL,1964,0.08554821169080767
FL,1965,0.17785421515519761
FL,1966,0.20043006731488408
FL,1967,0.17206838877532057
FL,1968,0.14925321888412016
FL,1969,0.1640853302162478
FL,1970,0.25419047479869644
FL,1971,0.39208720619008225
FL,1972,0.6805998353756797
FL,1973,0.6812066178568033
FL,1974,0.6459826304544687
FL,1975,0.6803094758427168
FL,1976,0.6799200879117178
FL,1977,0.5774432798668343
FL,1978,0.5975349044560173
FL,1979,0.5971607346645826
FL,1980,0.5385317233942788
FL,1981,0.514583708686165
FL,1982,0.37286767687504674
FL,1983,0.3689242213480513
FL,1984,0.22584143119711617
FL,1985,0.19397874217836683
FL,1986,0.1695597520144666
FL,1987,0.17189494354442808
FL,1988,0.1304886579394424
FL,1989,0.1099111119832035
FL,1990,0.09387105758437635
FL,1991,0.07697467464401721
FL,1992,0.0794694208558991
FL,1993,0.08264993105000985
FL,1994,0.0852521432826543
FL,1995,0.0748627858112202
FL,1996,0.08181389201766741
FL,1997,0.08829785591303206
FL,1998,0.07474512382433417
FL,1999,0.06477610736890445
FL,2000,0.06298582633872636
FL,2001,0.06430107155666286
FL,2002,0.04701541714641582
FL,2003,0.043866158496124234
FL,2004,0.040299190673273984
FL,2005,0.03703328224608944
FL,2006,0.03231191173954971
FL,2007,0.027522971537704503
FL,2008,0.02545503256196315
FL,2009,0.008229932839920151
FL,2010,0.04559595373655583
FL,2011,0.05582820947791297
FL,2012,0.03109833715528622
FL,2013,0.024619199771090658
FL,2014,0.02567237391649536
FL,2015,0.025929005123729414
FL,2016,0.02236866616130597
FL,2017,0.021773846815306187
FL,2018,0.020557763847643185
FL,2019,0.021853778867828234
FL,2020,0.01653696159639864
FL,2021,0.016352793524598633
GA,1960,0.0010404095051812392
GA,1961,0.0010560665744368525
GA,1962,0.0
GA,1963,0.0
GA,1964,0.0
GA,1965,0.0
GA,1966,0.0
GA,1967,0.0
GA,1968,0.0
GA,1969,0.0
GA,1970,0.0
GA,1971,0.0
GA,1972,0.0
GA,1973,0.0
GA,1974,0.0
GA,1975,0.011660014559329267
GA,1976,0.025181407484878217
GA,1977,0.031218712523792234
GA,1978,0.015111418758818988
GA,1979,0.0031818580491750556
GA,1980,0.0
GA,1981,0.0
GA,1982,0.0
GA,1983,0.0
GA,1984,0.0
GA,1985,0.0
GA,1986,0.0
GA,1987,0.0
GA,1988,0.0
GA,1989,0.0
GA,1990,0.0
GA,1991,0.0
GA,1992,0.0
GA,1993,0.0
GA,1994,0.0
GA,1995,0.0
GA,1996,0.0
GA,1997,0.0
GA,1998,0.0
GA,1999,0.0
GA,2000,0.0
GA,2001,0.0
GA,2002,0.0
GA,2003,0.0
GA,2004,0.0
GA,2005,0.0
GA,2006,0.0
GA,2007,0.0
GA,2008,0.0
GA,2009,0.0
GA,2010,0.0
GA,2011,0.0
GA,2012,0.0
GA,2013,0.0
GA,2014,0.0
GA,2015,0.0
GA,2016,0.0
GA,2017,0.0
GA,2018,0.0
GA,2019,0.0
GA,2020,0.0
GA,2021,0.0
HI,1960,0.0
HI,1961,0.0
HI,1962,0.0
HI,1963,0.0
HI,1964,0.0
HI,1965,0.0
HI,1966,0.0
HI,1967,0.0
HI,1968,0.0
HI,1969,0.0
HI,1970,0.0
HI,1971,0.0
HI,1972,0.0
HI,1973,0.0
HI,1974,0.0
HI,1975,0.0
HI,1976,0.0
HI,1977,0.0
HI,1978,0.0
HI,1979,0.0
HI,1980,0.0
HI,1981,0.0
HI,1982,0.0
HI,1983,0.0
HI,1984,0.0
HI,1985,0.0
HI,1986,0.0
HI,1987,0.0
HI,1988,0.0
HI,1989,0.0
HI,1990,0.0
HI,1991,0.0
HI,1992,0.0
HI,1993,0.0
HI,1994,0.0
HI,1995,0.0
HI,1996,0.0
HI,1997,0.0
HI,1998,0.0
HI,1999,0.0
HI,2000,0.0
HI,2001,0.0
HI,2002,0.0
HI,2003,0.0
HI,2004,0.0
HI,2005,0.0
HI,2006,0.0
HI,2007,0.0
HI,2008,0.0
HI,2009,0.0
HI,2010,0.0
HI,2011,0.0
HI,2012,0.0
HI,2013,0.0
HI,2014,0.0
HI,2015,0.0
HI,2016,0.0
HI,2017,0.0
HI,2018,0.0
HI,2019,0.0
HI,2020,0.0
HI,2021,0.0
IA,1960,0.5813457027646733
IA,1961,0.5492412289509165
IA,1962,0.5996813895526607
IA,1963,0.6514718119409195
IA,1964,0.6109320848787013
IA,1965,0.5869434908179391
IA,1966,0.5853887844265014
IA,1967,0.5614839901477833
IA,1968,0.5269243090543728
IA,1969,0.5501474926253688
IA,1970,0.5590292060880296
IA,1971,0.5460637459173331
IA,1972,0.5048978771078108
IA,1973,0.40363727311705017
IA,1974,0.26227683746811964
IA,1975,0.21862116141914253
IA,1976,0.22499954486701015
IA,1977,0.17065363301552336
IA,1978,0.21347009870330946
IA,1979,0.1887178331025154
IA,1980,0.10624515729118239
IA,1981,0.14115401584469894
IA,1982,0.11184395854177392
IA,1983,0.07461794019933554
IA,1984,0.08819388146947135
IA,1985,0.10654119683080501
IA,1986,0.06488336594648753
IA,1987,0.06041454870396871
IA,1988,0.04317283231679284
IA,1989,0.06596373344532269
IA,1990,0.060247642245955906
IA,1991,0.0476274214650479
IA,1992,0.04007939591294704
IA,1993,0.023809358100819165
IA,1994,0.005695460736798759
IA,1995,0.0
IA,1996,0.0
IA,1997,0.0
IA,1998,0.0
IA,1999,0.0
IA,2000,0.0
IA,2001,0.0
IA,2002,0.0
IA,2003,0.0
IA,2004,0.0
IA,2005,0.0
IA,2006,0.0
IA,2007,0.0
IA,2008,0.0
IA,2009,0.0
IA,2010,0.0
IA,2011,0.0
IA,2012,0.0
IA,2013,0.0
IA,2014,0.0
IA,2015,0.0
IA,2016,0.0
IA,2017,0.0
IA,2018,0.0
IA,2019,0.0
IA,2020,0.0
IA,2021,0.0
ID,1960,0.0
ID,1961,0.0
ID,1962,0.0
ID,1963,0.0
ID,1964,0.0
ID,1965,0.0
ID,1966,0.0
ID,1967,0.0
ID,1968,0.0
ID,1969,0.0
ID,1970,0.0
ID,1971,0.0
ID,1972,0.0
ID,1973,0.0
ID,1974,0.0
ID,1975,0.0
ID,1976,0.0
ID,1977,0.0
ID,1978,0.0
ID,1979,0.0
ID,1980,0.0
ID,1981,0.0
ID,1982,0.0
ID,1983,0.0
ID,1984,0.0
ID,1985,0.0
ID,1986,0.0
ID,1987,0.0
ID,1988,0.0
ID,1989,0.0
ID,1990,0.0
ID,1991,0.0
ID,1992,0.0
ID,1993,0.0
ID,1994,0.0
ID,1995,0.0
ID,1996,0.0
ID,1997,0.0
ID,1998,0.0
ID,1999,0.0
ID,2000,0.0
ID,2001,0.0
ID,2002,0.0
ID,2003,0.0
ID,2004,0.0
ID,2005,0.0
ID,2006,0.0
ID,2007,0.0
ID,2008,0.0
ID,2009,0.0
ID,2010,0.0
ID,2011,0.0
ID,2012,0.0
ID,2013,0.0
ID,2014,0.0
ID,2015,0.008810743422625007
ID,2016,0.040772899131723446
ID,2017,0.026529245213984566
ID,2018,0.014410651207133135
ID,2019,0.007416708718153334
ID,2020,0.0007781587971511474
ID,2021,0.010850281724123249
IL,1960,0.9764276541656839
IL,1961,0.9745207496466655
IL,1962,0.9707790461970556
IL,1963,0.9723324435247122
IL,1964,0.9726438549776745
IL,1965,0.9731256146557667
IL,1966,0.970885111780423
IL,1967,0.9746512370319904
IL,1968,0.9715454979072177
IL,1969,0.9715844862151746
IL,1970,0.9613548973876397
IL,1971,0.9453994077518264
IL,1972,0.9008973102412828
IL,1973,0.8518476498823699
IL,1974,0.8432332792909383
IL,1975,0.8318792145661931
IL,1976,0.8061788393380818
IL,1977,0.7839897973254107
IL,1978,0.7367852397752775
IL,1979,0.79647964981314
IL,1980,0.7906712860278104
IL,1981,0.7490734595587869
IL,1982,0.7778909011562188
IL,1983,0.7591264258580509
IL,1984,0.7502314962413386
IL,1985,0.7246965650935023
IL,1986,0.7153970180636083
IL,1987,0.67664832293029
IL,1988,0.6122909695092366
IL,1989,0.6053105793801667
IL,1990,0.6256510983152058
IL,1991,0.6243270740470549
IL,1992,0.6169327134916966
IL,1993,0.5220119737199778
IL,1994,0.5930034267517393
IL,1995,0.5544028947131516
IL,1996,0.5826475225923595
IL,1997,0.6150571340249795
IL,1998,0.5875685095426627
IL,1999,0.5104876850159435
IL,2000,0.44809494138953104
IL,2001,0.43539920093800194
IL,2002,0.43057002187726146
IL,2003,0.40767950182101237
IL,2004,0.41385628396644425
IL,2005,0.4144689193609471
IL,2006,0.417195033920709
IL,2007,0.4073274424302704
IL,2008,0.4053539169974566
IL,2009,0.401300044701913
IL,2010,0.38675992443542956
IL,2011,0.41166021350417004
IL,2012,0.4633327800256183
IL,2013,0.4684338302592185
IL,2014,0.49246709995104315
IL,2015,0.48822512904542736
IL,2016,0.4224848951220093
IL,2017,0.44739614898614793
IL,2018,0.45282911558886885
IL,2019,0.43111217388837325
IL,2020,0.33887254173615555
IL,2021,0.3705410099144848
IN,1960,0.9443347531492484
IN,1961,0.943457373977167
IN,1962,0.9458156002843287
IN,1963,0.9441574181122016
IN,1964,0.9454631909494509
IN,1965,0.947206604153694
IN,1966,0.9485163650838687
IN,1967,0.9457573492824674
IN,1968,0.94163522319775
IN,1969,0.9427284574844166
IN,1970,0.9498600184061279
IN,1971,0.950007731901827
IN,1972,0.9522159011641426
IN,1973,0.947724955951656
IN,1974,0.944338492617466
IN,1975,0.9478781045132063
IN,1976,0.9410777467525776
IN,1977,0.9422791172730873
IN,1978,0.9230478525958647
IN,1979,0.9234147753452818
IN,1980,0.9257922367669761
IN,1981,0.9184201783998599
IN,1982,0.9260199144341449
IN,1983,0.9196465518111444
IN,1984,0.9337917895650899
IN,1985,0.9161839949409296
IN,1986,0.9130988304594133
IN,1987,0.9107167206855681
IN,1988,0.8994707074297458
IN,1989,0.9172053734355979
IN,1990,0.9313297806702833
IN,1991,0.9217651955421193
IN,1992,0.9184637673135306
IN,1993,0.9273674053922545
IN,1994,0.9320622730564115
IN,1995,0.9188528770807252
IN,1996,0.933344060947646
IN,1997,0.94589631003161
IN,1998,0.9492501002201973
IN,1999,0.9468920945881043
IN,2000,0.93509484255811
IN,2001,0.9433366872508118
IN,2002,0.9385147661941234
IN,2003,0.9357011036855025
IN,2004,0.9357870511745016
IN,2005,0.9303168916925946
IN,2006,0.9420900697620239
IN,2007,0.9166613933335097
IN,2008,0.8613513729649646
IN,2009,0.8381399239371808
IN,2010,0.7972410718952444
IN,2011,0.7944569320157767
IN,2012,0.8113757983443728
IN,2013,0.8090083552365231
IN,2014,0.7999494111778382
IN,2015,0.7669147236074475
IN,2016,0.7228203874818846
IN,2017,0.73700103822024
IN,2018,0.7459959784179467
IN,2019,0.7385422659914246
IN,2020,0.6522601233076184
IN,2021,0.6104663618761192
KS,1960,0.9969657238632132
KS,1961,0.9971711612548156
KS,1962,0.9974062787695686
KS,1963,0.9973721546670727
KS,1964,0.9974972070083653
KS,1965,0.9976466837678348
KS,1966,0.9977008738503554
KS,1967,0.997818083262047
KS,1968,0.9976495913795247
KS,1969,0.9977982735242391
KS,1970,0.9975007203017897
KS,1971,0.9972583293901522
KS,1972,0.9959809753481499
KS,1973,0.9956020200075268
KS,1974,0.9955393025447691
KS,1975,0.9953857295089387
KS,1976,0.9947424382778203
KS,1977,0.9942654609516556
KS,1978,0.9940622534142043
KS,1979,0.9934735542292653
KS,1980,0.9922702289842598
KS,1981,0.9923475680603472
KS,1982,0.9881273563974209
KS,1983,0.9878671707969542
KS,1984,0.9859150311862291
KS,1985,0.9488068154671117
KS,1986,0.9072443505910338
KS,1987,0.9124911327194535
KS,1988,0.9141208808917579
KS,1989,0.8905880667251216
KS,1990,0.9074011047494421
KS,1991,0.9312108279913576
KS,1992,0.9087972838592707
KS,1993,0.9139821867611674
KS,1994,0.9107371214038064
KS,1995,0.8977557777002941
KS,1996,0.9127809308808021
KS,1997,0.9076021905740497
KS,1998,0.8796169317291155
KS,1999,0.8820476825942359
KS,2000,0.8825502503827207
KS,2001,0.8601629563956575
KS,2002,0.8606585585607116
KS,2003,0.8509250014388633
KS,2004,0.830146397110083
KS,2005,0.8366973498921977
KS,2006,0.8235981263372978
KS,2007,0.8004980874750389
KS,2008,0.791913954124964
KS,2009,0.7759078743951284
KS,2010,0.7494922347950649
KS,2011,0.7631549659012845
KS,2012,0.746298966016109
KS,2013,0.7215482625858012
KS,2014,0.6925348994990371
KS,2015,0.6854001939978249
KS,2016,0.6310333890596904
KS,2017,0.5622366564491802
KS,2018,0.5549069752328964
KS,2019,0.5203310454837954
KS,2020,0.46048246999368286
KS,2021,0.45368215149707936
KY,1960,0.9725141856589582
KY,1961,0.9718878124467276
KY,1962,0.9725571814329779
KY,1963,0.9770341416334901
KY,1964,0.9787651622576071
KY,1965,0.9792661936285844
KY,1966,0.9799071024379192
KY,1967,0.9768188895324607
KY,1968,0.9797705404443224
KY,1969,0.9817817573366708
KY,1970,0.9823528064614564
KY,1971,0.9798819863646452
KY,1972,0.9785845799066442
KY,1973,0.9791769236382514
KY,1974,0.9806313738102148
KY,1975,0.9815328428240716
KY,1976,0.98142075190989
KY,1977,0.9825927491997805
KY,1978,0.9795634814826837
KY,1979,0.9783991467699615
KY,1980,0.9855530583871559
KY,1981,0.9866368976351846
KY,1982,0.9823803362927221
KY,1983,0.9811859837026262
KY,1984,0.9821727829085503
KY,1985,0.9827535321789889
KY,1986,0.9844486481915913
KY,1987,0.98601506685544
KY,1988,0.9864981081180002
KY,1989,0.9834100233125119
KY,1990,0.9889742349164882
KY,1991,0.9866126172087492
KY,1992,0.9864835167140024
KY,1993,0.9883889034894757
KY,1994,0.9867238403712293
KY,1995,0.9874108581563527
KY,1996,0.9863031255938032
KY,1997,0.9882794652791589
KY,1998,0.9890791196183016
KY,1999,0.9895047502515711
KY,2000,0.989438032924815
KY,2001,0.9847338672691383
KY,2002,0.9807875229698785
KY,2003,0.9780040562511524
KY,2004,0.977183350597674
KY,2005,0.9786178896588241
KY,2006,0.9803668723026988
KY,2007,0.9815280087875857
KY,2008,0.9804752801529343
KY,2009,0.9742250073518978
KY,2010,0.9745943903719313
KY,2011,0.9724496205090056
KY,2012,0.9714857539239865
KY,2013,0.9623170222446019
KY,2014,0.9605602079177906
KY,2015,0.9553306129034745
KY,2016,0.937714282939274
KY,2017,0.9265484078495007
KY,2018,0.9218807239735928
KY,2019,0.9146480104104816
KY,2020,0.8805740150897874
KY,2021,0.8888093460514553
LA,1960,0.992303367947649
LA,1961,0.9930726892441267
LA,1962,0.9935381009623196
LA,1963,0.9936016913971613
LA,1964,0.9938687231695195
LA,1965,0.9943125818330211
LA,1966,0.9946347100370724
LA,1967,0.995426071779261
LA,1968,0.9952865077830803
LA,1969,0.9955266767158346
LA,1970,0.995552405816014
LA,1971,0.9954563553515392
LA,1972,0.9947987147881869
LA,1973,0.9944725373418181
LA,1974,0.9937829537217727
LA,1975,0.9931263536781343
LA,1976,0.9920833182164654
LA,1977,0.9914056316562547
LA,1978,0.9910020727687258
LA,1979,0.9906318062705471
LA,1980,0.9853064199683906
LA,1981,0.9835605399978374
LA,1982,0.9816023372138132
LA,1983,0.978186059871309
LA,1984,0.9777715078599514
LA,1985,0.9669529049128969
LA,1986,0.9371378667219278
LA,1987,0.9304795216848616
LA,1988,0.9238004936442015
LA,1989,0.9177209490863973
LA,1990,0.9122017026165313
LA,1991,0.9114420179286051
LA,1992,0.9214805046127508
LA,1993,0.906324823926526
LA,1994,0.9072503518473929
LA,1995,0.8964213462180582
LA,1996,0.8956683090766472
LA,1997,0.9034058685112207
LA,1998,0.8940295688592597
LA,1999,0.9017618374259015
LA,2000,0.8883416611424705
LA,2001,0.8853630763891901
LA,2002,0.874644460917398
LA,2003,0.8729575376438901
LA,2004,0.854980709942682
LA,2005,0.8646881590322764
LA,2006,0.8637258447334389
LA,2007,0.8624359336585496
LA,2008,0.8827965083950813
LA,2009,0.8853030611656953
LA,2010,0.9029203331258019
LA,2011,0.9262713546127973
LA,2012,0.9262506271406731
LA,2013,0.90192327765696
LA,2014,0.877135285647855
LA,2015,0.8809224469405674
LA,2016,0.861948166467217
LA,2017,0.8854263570715195
LA,2018,0.9018656155110455
LA,2019,0.9203263729120265
LA,2020,0.9110417937656713
LA,2021,0.9113709568000249
MA,1960,0.0
MA,1961,0.0
MA,1962,0.0
MA,1963,0.0
MA,1964,0.0
MA,1965,0.0
MA,1966,0.0
MA,1967,0.0
MA,1968,0.0
MA,1969,0.0
MA,1970,0.0
MA,1971,0.0
MA,1972,0.0
MA,1973,0.0
MA,1974,0.0
MA,1975,0.0
MA,1976,0.0
MA,1977,0.0
MA,1978,0.0
MA,1979,0.0
MA,1980,0.0
MA,1981,0.0
MA,1982,0.0
MA,1983,0.0
MA,1984,0.0
MA,1985,0.0
MA,1986,0.0
MA,1987,0.0
MA,1988,0.0
MA,1989,0.0
MA,1990,0.0
MA,1991,0.0
MA,1992,0.0
MA,1993,0.0
MA,1994,0.0
MA,1995,0.0
MA,1996,0.0
MA,1997,0.0
MA,1998,0.0
MA,1999,0.0
MA,2000,0.0
MA,2001,0.0
MA,2002,0.0
MA,2003,0.0
MA,2004,0.0
MA,2005,0.0
MA,2006,0.0
MA,2007,0.0
MA,2008,0.0
MA,2009,0.0
MA,2010,0.0
MA,2011,0.0
MA,2012,0.0
MA,2013,0.0
MA,2014,0.0
MA,2015,0.0
MA,2016,0.0
MA,2017,0.0
MA,2018,0.0
MA,2019,0.0
MA,2020,0.0
MA,2021,0.0
MD,1960,0.3751848541480458
MD,1961,0.389778104234639
MD,1962,0.39296914516944864
MD,1963,0.4671095147206901
MD,1964,0.4461882081472059
MD,1965,0.4430869360432753
MD,1966,0.42907315750220354
MD,1967,0.40481687227953733
MD,1968,0.4399263446787549
MD,1969,0.4390751901011819
MD,1970,0.44613920056476025
MD,1971,0.45921290959986827
MD,1972,0.4266638059625248
MD,1973,0.4256131529257123
MD,1974,0.49554590367595364
MD,1975,0.3623734126838348
MD,1976,0.3400831544786256
MD,1977,0.2849398418978728
MD,1978,0.29425419066195396
MD,1979,0.2663821744837878
MD,1980,0.3515239283836077
MD,1981,0.3836832419104115
MD,1982,0.36097596621655403
MD,1983,0.3061250536623853
MD,1984,0.35060230051625757
MD,1985,0.3175130053381388
MD,1986,0.33913369533517573
MD,1987,0.39326359899049224
MD,1988,0.32480928716130664
MD,1989,0.5007643447965302
MD,1990,0.5798334826368762
MD,1991,0.41167844804906345
MD,1992,0.3466020699559268
MD,1993,0.3220217292204832
MD,1994,0.3528319441016196
MD,1995,0.33400021993068635
MD,1996,0.3484208109969348
MD,1997,0.3512791426104329
MD,1998,0.3427257968042382
MD,1999,0.3321968057593447
MD,2000,0.35833398118634846
MD,2001,0.3884874574903853
MD,2002,0.43285504237127637
MD,2003,0.3877683698417932
MD,2004,0.38599002489294243
MD,2005,0.391343555534967
MD,2006,0.3915613436493825
MD,2007,0.21936578363565185
MD,2008,0.24869637714112475
MD,2009,0.2105335658033005
MD,2010,0.23185767480347538
MD,2011,0.24024175087120714
MD,2012,0.22074876951747144
MD,2013,0.18281669120464675
MD,2014,0.18530844644038574
MD,2015,0.18519856474866866
MD,2016,0.15756887791166663
MD,2017,0.16723011219462683
MD,2018,0.12041357349147212
MD,2019,0.14040109972425913
MD,2020,0.11808947817321858
MD,2021,0.12632970908022334
ME,1960,0.0
ME,1961,0.0
ME,1962,0.0
ME,1963,0.0
ME,1964,0.0
ME,1965,0.0
ME,1966,0.0
ME,1967,0.0
ME,1968,0.0
ME,1969,0.0
ME,1970,0.0
ME,1971,0.0
ME,1972,0.0
ME,1973,0.0
ME,1974,0.0
ME,1975,0.0
ME,1976,0.0
ME,1977,0.0
ME,1978,0.0
ME,1979,0.0
ME,1980,0.0
ME,1981,0.0
ME,1982,0.0
ME,1983,0.0
ME,1984,0.0
ME,1985,0.0
ME,1986,0.0
ME,1987,0.0
ME,1988,0.0
ME,1989,0.0
ME,1990,0.0
ME,1991,0.0
ME,1992,0.0
ME,1993,0.0
ME,1994,0.0
ME,1995,0.0
ME,1996,0.0
ME,1997,0.0
ME,1998,0.0
ME,1999,0.0
ME,2000,0.0
ME,2001,0.0
ME,2002,0.0
ME,2003,0.0
ME,2004,0.0
ME,2005,0.0
ME,2006,0.0
ME,2007,0.0
ME,2008,0.0
ME,2009,0.0
ME,2010,0.0
ME,2011,0.0
ME,2012,0.0
ME,2013,0.0
ME,2014,0.0
ME,2015,0.0
ME,2016,0.0
ME,2017,0.0
ME,2018,0.0
ME,2019,0.0
ME,2020,0.0
ME,2021,0.0
MI,1960,0.6610673976876491
MI,1961,0.7176717855882668
MI,1962,0.7097234149423983
MI,1963,0.7095710115287559
MI,1964,0.6950255617775267
MI,1965,0.6809090158747627
MI,1966,0.6648257464270163
MI,1967,0.6514219573021394
MI,1968,0.6627736984669024
MI,1969,0.64502756006233
MI,1970,0.6549653034106009
MI,1971,0.628522521141514
MI,1972,0.5887738770759285
MI,1973,0.624153669162439
MI,1974,0.7624395657335559
MI,1975,0.6635867975212106
MI,1976,0.6550086539855227
MI,1977,0.6735072890742093
MI,1978,0.639632004978109
MI,1979,0.6197555735478812
MI,1980,0.5823370735577468
MI,1981,0.5552525266162919
MI,1982,0.5699307131031945
MI,1983,0.5397375003687664
MI,1984,0.5676855105372978
MI,1985,0.5508658487975553
MI,1986,0.5515404506834134
MI,1987,0.5488171303263534
MI,1988,0.497118467024457
MI,1989,0.4736545677221065
MI,1990,0.48342431353696874
MI,1991,0.44881189593186926
MI,1992,0.49827092930167854
MI,1993,0.4299611615627698
MI,1994,0.5529985355573811
MI,1995,0.46856720753572123
MI,1996,0.4438317414980587
MI,1997,0.5245732702575594
MI,1998,0.5929994161887427
MI,1999,0.5644623137092903
MI,2000,0.5378381303724282
MI,2001,0.4702111073087404
MI,2002,0.4418917351559992
MI,2003,0.42061250256922217
MI,2004,0.41744959674671767
MI,2005,0.39763333451221256
MI,2006,0.42111256454388984
MI,2007,0.39900134942270377
MI,2008,0.29486200129640316
MI,2009,0.35283125992683784
MI,2010,0.2795373366027207
MI,2011,0.2669391821350327
MI,2012,0.28107770628735573
MI,2013,0.2627192844130664
MI,2014,0.23563083150829892
MI,2015,0.22240546278594453
MI,2016,0.20477183161698495
MI,2017,0.19236364936876363
MI,2018,0.18634819781571166
MI,2019,0.17228914971653395
MI,2020,0.14701043360796273
MI,2021,0.1468424525865779
MN,1960,0.0
MN,1961,0.0
MN,1962,0.0
MN,1963,0.0
MN,1964,0.0
MN,1965,0.0
MN,1966,0.0
MN,1967,0.0
MN,1968,0.0
MN,1969,0.0
MN,1970,0.0
MN,1971,0.0
MN,1972,0.0
MN,1973,0.0
MN,1974,0.0
MN,1975,0.0
MN,1976,0.0
MN,1977,0.0
MN,1978,0.0
MN,1979,0.0
MN,1980,0.0
MN,1981,0.0
MN,1982,0.0
MN,1983,0.0
MN,1984,0.0
MN,1985,0.0
MN,1986,0.0
MN,1987,0.0
MN,1988,0.0
MN,1989,0.0
MN,1990,0.0
MN,1991,0.0
MN,1992,0.0
MN,1993,0.0
MN,1994,0.0
MN,1995,0.0
MN,1996,0.0
MN,1997,0.0
MN,1998,0.0
MN,1999,0.0
MN,2000,0.0
MN,2001,0.0
MN,2002,0.0
MN,2003,0.0
MN,2004,0.0
MN,2005,0.0
MN,2006,0.0
MN,2007,0.0
MN,2008,0.0
MN,2009,0.0
MN,2010,0.0
MN,2011,0.0
MN,2012,0.0
MN,2013,0.0
MN,2014,0.0
MN,2015,0.0
MN,2016,0.0
MN,2017,0.0
MN,2018,0.0
MN,2019,0.0
MN,2020,0.0
MN,2021,0.0
MO,1960,0.5975781470008449
MO,1961,0.5812185807075091
MO,1962,0.6047503045066992
MO,1963,0.6694953946323646
MO,1964,0.6889758682163594
MO,1965,0.6815295218220415
MO,1966,0.6977529941764641
MO,1967,0.7135309816452134
MO,1968,0.6352420769718915
MO,1969,0.6394165103531169
MO,1970,0.7389289069840276
MO,1971,0.7379501719249563
MO,1972,0.7666854776533426
MO,1973,0.6749716202078959
MO,1974,0.6709684651023763
MO,1975,0.7268862983612097
MO,1976,0.747289972899729
MO,1977,0.7673203335109935
MO,1978,0.6923815541679056
MO,1979,0.6957136640557006
MO,1980,0.7799080574462778
MO,1981,0.7664077744194054
MO,1982,0.716055054776526
MO,1983,0.7011137731866401
MO,1984,0.7100097161955244
MO,1985,0.43842053637283007
MO,1986,0.43747050707605467
MO,1987,0.455982495245496
MO,1988,0.39228692906162344
MO,1989,0.36506722937500635
MO,1990,0.3114535706062301
MO,1991,0.2675773947252914
MO,1992,0.3414537291865448
MO,1993,0.09764437441567017
MO,1994,0.12330647828610299
MO,1995,0.09732315401967773
MO,1996,0.11670912014571741
MO,1997,0.0702304985687023
MO,1998,0.0648664600855836
MO,1999,0.06968230046733952
MO,2000,0.07372851424534965
MO,2001,0.0662621189928158
MO,2002,0.0455432003792029
MO,2003,0.08220589862771138
MO,2004,0.09523985376121719
MO,2005,0.08979801620676306
MO,2006,0.05664627050564961
MO,2007,0.03394990707142225
MO,2008,0.030867666544646493
MO,2009,0.04682798796491902
MO,2010,0.05148123829203762
MO,2011,0.05076460679723883
MO,2012,0.04764570852695818
MO,2013,0.049402681914883374
MO,2014,0.042579945601909856
MO,2015,0.018420355155049032
MO,2016,0.027718874509095406
MO,2017,0.028551123491002056
MO,2018,0.024919352570875332
MO,2019,0.019552354000514537
MO,2020,0.016855733442558724
MO,2021,0.006076978222578823
MS,1960,0.9114628984939604
MS,1961,0.9160654045384998
MS,1962,0.9180579247601753
MS,1963,0.9304959402414908
MS,1964,0.930941330306209
MS,1965,0.9297373337402216
MS,1966,0.9274618952440508
MS,1967,0.9329595820247145
MS,1968,0.9313789439251794
MS,1969,0.9363979675282313
MS,1970,0.9382003314218513
MS,1971,0.937841751128524
MS,1972,0.9345125238513493
MS,1973,0.9301889370043738
MS,1974,0.9232718441838788
MS,1975,0.9176850454868534
MS,1976,0.9072128683583569
MS,1977,0.9024523556938917
MS,1978,0.9038696704409982
MS,1979,0.9070490105217249
MS,1980,0.9108923396462077
MS,1981,0.9037519626912892
MS,1982,0.891032556958812
MS,1983,0.8825777608724537
MS,1984,0.871289445424183
MS,1985,0.7712276344647027
MS,1986,0.7753900886736378
MS,1987,0.7082730473714549
MS,1988,0.6585132762832824
MS,1989,0.6249157852582978
MS,1990,0.609709377866096
MS,1991,0.5921108253778138
MS,1992,0.5790966719870974
MS,1993,0.5498896870189841
MS,1994,0.48360040391010356
MS,1995,0.5454932265272481
MS,1996,0.5464727312461353
MS,1997,0.541355214423708
MS,1998,0.6006743534338067
MS,1999,0.597710294484488
MS,2000,0.5560065937615795
MS,2001,0.6153377454097065
MS,2002,0.6453305207163001
MS,2003,0.6587924706488377
MS,2004,0.5836048016421973
MS,2005,0.5632133359008655
MS,2006,0.5657916335214718
MS,2007,0.6048137337238095
MS,2008,0.6471065685369082
MS,2009,0.6270659012388305
MS,2010,0.6330242677824268
MS,2011,0.605434581150294
MS,2012,0.601825817612149
MS,2013,0.5713825353575921
MS,2014,0.5800070896845091
MS,2015,0.5648851148851148
MS,2016,0.5878524178428668
MS,2017,0.5395748333167479
MS,2018,0.5258313387992056
MS,2019,0.4666259391319161
MS,2020,0.5078783040756795
MS,2021,0.42509044444786553
MT,1960,0.7584967297691155
MT,1961,0.7462349122998942
MT,1962,0.7502933998372965
MT,1963,0.7574257766756217
MT,1964,0.7285851550184819
MT,1965,0.7058049809786375
MT,1966,0.7331539254580957
MT,1967,0.7091238810348557
MT,1968,0.7564875523189704
MT,1969,0.7515187268679463
MT,1970,0.7706550747608004
MT,1971,0.7714137132164102
MT,1972,0.7843463057455159
MT,1973,0.8424268601919117
MT,1974,0.8283259797643958
MT,1975,0.8491888347468752
MT,1976,0.838709983873611
MT,1977,0.8817482562511921
MT,1978,0.8412606727270544
MT,1979,0.8721547868746795
MT,1980,0.8692061274820285
MT,1981,0.8655670953647046
MT,1982,0.8535613616025491
MT,1983,0.8464993257491424
MT,1984,0.8624306894222125
MT,1985,0.8722006812102843
MT,1986,0.8589682830555099
MT,1987,0.8796219586285766
MT,1988,0.8948599407741463
MT,1989,0.8849824620339064
MT,1990,0.8727590090438199
MT,1991,0.8575931229225578
MT,1992,0.9004929440828553
MT,1993,0.8810576245140476
MT,1994,0.905070881453105
MT,1995,0.8710552041432171
MT,1996,0.8403845089207076
MT,1997,0.8522962724644773
MT,1998,0.878576680567897
MT,1999,0.8502850714108652
MT,2000,0.8829506881441709
MT,2001,0.9165094119658651
MT,2002,0.8882303498807119
MT,2003,0.8962983779896743
MT,2004,0.9048403396637487
MT,2005,0.900446288209607
MT,2006,0.8985245932939682
MT,2007,0.903442637469331
MT,2008,0.8988443936208753
MT,2009,0.8947153192827934
MT,2010,0.9001340744987867
MT,2011,0.8729502706421188
MT,2012,0.876732896995453
MT,2013,0.8964263003022181
MT,2014,0.8845062976369654
MT,2015,0.885397932634062
MT,2016,0.8554103403185701
MT,2017,0.8536227257532812
MT,2018,0.856735350894953
MT,2019,0.8591745580326181
MT,2020,0.8181246033494787
MT,2021,0.8358804816456479
NC,1960,0.0
NC,1961,0.0
NC,1962,0.0
NC,1963,0.0
NC,1964,0.0
NC,1965,0.0
NC,1966,0.0
NC,1967,0.0
NC,1968,0.0
NC,1969,0.0
NC,1970,0.0
NC,1971,0.0
NC,1972,0.0
NC,1973,0.0
NC,1974,0.0
NC,1975,0.0
NC,1976,0.0
NC,1977,0.0
NC,1978,0.0
NC,1979,0.0
NC,1980,0.0
NC,1981,0.0
NC,1982,0.0
NC,1983,0.0
NC,1984,0.0
NC,1985,0.0
NC,1986,0.0
NC,1987,0.0
NC,1988,0.0
NC,1989,0.0
NC,1990,0.0
NC,1991,0.0
NC,1992,0.0
NC,1993,0.0
NC,1994,0.0
NC,1995,0.0
NC,1996,0.0
NC,1997,0.0
NC,1998,0.0
NC,1999,0.0
NC,2000,0.0
NC,2001,0.0
NC,2002,0.0
NC,2003,0.0
NC,2004,0.0
NC,2005,0.0
NC,2006,0.0
NC,2007,0.0
NC,2008,0.0
NC,2009,0.0
NC,2010,0.0
NC,2011,0.0
NC,2012,0.0
NC,2013,0.0
NC,2014,0.0
NC,2015,0.0
NC,2016,0.0
NC,2017,0.0
NC,2018,0.0
NC,2019,0.0
NC,2020,0.0
NC,2021,0.0
ND,1960,0.9398248289067763
ND,1961,0.9279425783659507
ND,1962,0.9383775487831616
ND,1963,0.9321116414778036
ND,1964,0.9193485987861789
ND,1965,0.8985526709590281
ND,1966,0.928018273016634
ND,1967,0.8963437751345529
ND,1968,0.906854614832392
ND,1969,0.8837512954143268
ND,1970,0.8915684043455259
ND,1971,0.8782954404273823
ND,1972,0.883513758541978
ND,1973,0.9070887563903048
ND,1974,0.8967638071848764
ND,1975,0.8801697829795622
ND,1976,0.8992386752950133
ND,1977,0.9385929824662375
ND,1978,0.9191102967786345
ND,1979,0.9331716954853994
ND,1980,0.9470088927818522
ND,1981,0.9552979109151593
ND,1982,0.9499333356406289
ND,1983,0.9554392605940121
ND,1984,0.9576832340863722
ND,1985,0.9630245096762431
ND,1986,0.9571568242640499
ND,1987,0.9612602632607846
ND,1988,0.9649751654244734
ND,1989,0.9632614373883033
ND,1990,0.9678498606329382
ND,1991,0.9662100669391607
ND,1992,0.968019515757364
ND,1993,0.9720343791432425
ND,1994,0.9638020710616841
ND,1995,0.9529508948501699
ND,1996,0.9464384358726955
ND,1997,0.9450646755795238
ND,1998,0.9590300894668814
ND,1999,0.954598927024756
ND,2000,0.9605217058954677
ND,2001,0.969219218100804
ND,2002,0.9652242387323473
ND,2003,0.9607947758341864
ND,2004,0.9611928098459659
ND,2005,0.966123484243077
ND,2006,0.9639987413015936
ND,2007,0.942549540443337
ND,2008,0.9330042763713369
ND,2009,0.9165365490756505
ND,2010,0.9124956607000123
ND,2011,0.9126398113557551
ND,2012,0.9401644281888691
ND,2013,0.9522317210691537
ND,2014,0.9574602973633601
ND,2015,0.9613779701391653
ND,2016,0.9534274080937902
ND,2017,0.9426797105543833
ND,2018,0.9505569598104611
ND,2019,0.9551391440626474
ND,2020,0.9465614837023748
ND,2021,0.9407704619885402
NE,1960,0.9207005522903807
NE,1961,0.9255766475852429
NE,1962,0.9257008676727471
NE,1963,0.9096704678100027
NE,1964,0.8991552078566396
NE,1965,0.8926751313833213
NE,1966,0.8684768573932876
NE,1967,0.8629099170288423
NE,1968,0.8537332127200612
NE,1969,0.8434861278648975
NE,1970,0.8214085768670921
NE,1971,0.7988549521415695
NE,1972,0.7655788417590993
NE,1973,0.6655302273829563
NE,1974,0.4067760203085335
NE,1975,0.3237318870997532
NE,1976,0.32456044921629834
NE,1977,0.28154536509734934
NE,1978,0.26960851922560414
NE,1979,0.25808714943435057
NE,1980,0.31964298910410627
NE,1981,0.3307156367467139
NE,1982,0.2674995418554538
NE,1983,0.31267211053276667
NE,1984,0.32222132471728593
NE,1985,0.38504462257120525
NE,1986,0.28538287716107985
NE,1987,0.2444848533290704
NE,1988,0.2747538862099247
NE,1989,0.25931940031076334
NE,1990,0.2632387956237379
NE,1991,0.2534296716007086
NE,1992,0.2283077777006869
NE,1993,0.24411961417900224
NE,1994,0.22213639911538963
NE,1995,0.1615442654256278
NE,1996,0.12809280116972424
NE,1997,0.11634638800947553
NE,1998,0.11737067279911749
NE,1999,0.08859693890972993
NE,2000,0.10451479337056796
NE,2001,0.10129001699590427
NE,2002,0.08959884201819686
NE,2003,0.09975848728338255
NE,2004,0.07472242558767435
NE,2005,0.07505524232305116
NE,2006,0.06912046114956649
NE,2007,0.05797712498466822
NE,2008,0.05800251101982887
NE,2009,0.054281449777135615
NE,2010,0.03827853463162983
NE,2011,0.04323274280961164
NE,2012,0.053515096252414095
NE,2013,0.04725637981549454
NE,2014,0.04200307752203858
NE,2015,0.03610387431326
NE,2016,0.02968889693650057
NE,2017,0.02827559916314574
NE,2018,0.028304690438489363
NE,2019,0.024780260045725217
NE,2020,0.0237587367703762
NE,2021,0.02197718132540654
NH,1960,0.0
NH,1961,0.0
NH,1962,0.0
NH,1963,0.0
NH,1964,0.0
NH,1965,0.0
NH,1966,0.0
NH,1967,0.0
NH,1968,0.0
NH,1969,0.0
NH,1970,0.0
NH,1971,0.0
NH,1972,0.0
NH,1973,0.0
NH,1974,0.0
NH,1975,0.0
NH,1976,0.0
NH,1977,0.0
NH,1978,0.0
NH,1979,0.0
NH,1980,0.0
NH,1981,0.0
NH,1982,0.0
NH,1983,0.0
NH,1984,0.0
NH,1985,0.0
NH,1986,0.0
NH,1987,0.0
NH,1988,0.0
NH,1989,0.0
NH,1990,0.0
NH,1991,0.0
NH,1992,0.0
NH,1993,0.0
NH,1994,0.0
NH,1995,0.0
NH,1996,0.0
NH,1997,0.0
NH,1998,0.0
NH,1999,0.0
NH,2000,0.0
NH,2001,0.0
NH,2002,0.0
NH,2003,0.0
NH,2004,0.0
NH,2005,0.0
NH,2006,0.0
NH,2007,0.0
NH,2008,0.0
NH,2009,0.0
NH,2010,0.0
NH,2011,0.0
NH,2012,0.0
NH,2013,0.0
NH,2014,0.0
NH,2015,0.0
NH,2016,0.0
NH,2017,0.0
NH,2018,0.0
NH,2019,0.0
NH,2020,0.0
NH,2021,0.0
NJ,1960,0.0
NJ,1961,0.0
NJ,1962,0.0
NJ,1963,0.0
NJ,1964,0.0
NJ,1965,0.0
NJ,1966,0.0
NJ,1967,0.0
NJ,1968,0.0
NJ,1969,0.0
NJ,1970,0.0
NJ,1971,0.0
NJ,1972,0.0
NJ,1973,0.0
NJ,1974,0.0
NJ,1975,0.0
NJ,1976,0.0
NJ,1977,0.0
NJ,1978,0.0
NJ,1979,0.0
NJ,1980,0.0
NJ,1981,0.0
NJ,1982,0.0
NJ,1983,0.0
NJ,1984,0.0
NJ,1985,0.0
NJ,1986,0.0
NJ,1987,0.0
NJ,1988,0.0
NJ,1989,0.0
NJ,1990,0.0
NJ,1991,0.0
NJ,1992,0.0
NJ,1993,0.0
NJ,1994,0.0
NJ,1995,0.0
NJ,1996,0.0
NJ,1997,0.0
NJ,1998,0.0
NJ,1999,0.0
NJ,2000,0.0
NJ,2001,0.0
NJ,2002,0.0
NJ,2003,0.0
NJ,2004,0.0
NJ,2005,0.0
NJ,2006,0.0
NJ,2007,0.0
NJ,2008,0.0
NJ,2009,0.0
NJ,2010,0.0
NJ,2011,0.0
NJ,2012,0.0
NJ,2013,0.0
NJ,2014,0.0
NJ,2015,0.0
NJ,2016,0.0
NJ,2017,0.0
NJ,2018,0.0
NJ,2019,0.0
NJ,2020,0.0
NJ,2021,0.0
NM,1960,0.995270428471084
NM,1961,0.9956093908528237
NM,1962,0.9957103501066729
NM,1963,0.9959941758239717
NM,1964,0.9963744533625218
NM,1965,0.9966995067735097
NM,1966,0.9967848806019921
NM,1967,0.9972107586706942
NM,1968,0.9973592343723461
NM,1969,0.997362617976537
NM,1970,0.9974814867943749
NM,1971,0.9977433726057706
NM,1972,0.9978518850772095
NM,1973,0.9977205207604409
NM,1974,0.9977214868560502
NM,1975,0.9971420830414864
NM,1976,0.9967953822502645
NM,1977,0.996503559898962
NM,1978,0.9961533313238915
NM,1979,0.9953512253922506
NM,1980,0.9970530330937186
NM,1981,0.9962251377649219
NM,1982,0.9956457000448092
NM,1983,0.9947366885075088
NM,1984,0.9947516921995241
NM,1985,0.9943485813906529
NM,1986,0.9930703186339913
NM,1987,0.994981707496198
NM,1988,0.995215027689115
NM,1989,0.9949679522305399
NM,1990,0.9957759660780078
NM,1991,0.9954447409389576
NM,1992,0.9959866716737509
NM,1993,0.9961832663911058
NM,1994,0.9967170765836069
NM,1995,0.9966137878140401
NM,1996,0.9970696924239171
NM,1997,0.9966062923085484
NM,1998,0.9967277636136743
NM,1999,0.9965075882530305
NM,2000,0.9966150806378051
NM,2001,0.9971025102072714
NM,2002,0.996790721347151
NM,2003,0.9964431386155864
NM,2004,0.9954780117634067
NM,2005,0.9912246063961784
NM,2006,0.9888687447535176
NM,2007,0.9870106288926684
NM,2008,0.9856757976183437
NM,2009,0.9870912643157425
NM,2010,0.9850235620395885
NM,2011,0.9840253946845962
NM,2012,0.9837688272295783
NM,2013,0.9832416959277004
NM,2014,0.983740379389848
NM,2015,0.9855201471722747
NM,2016,0.9786175521558804
NM,2017,0.9760936794806655
NM,2018,0.9752483287617424
NM,2019,0.9783794996904458
NM,2020,0.979509090746731
NM,2021,0.9767848303385962
NV,1960,0.007050792652804599
NV,1961,0.04369098292480063
NV,1962,0.03627333599396922
NV,1963,0.03338539632955877
NV,1964,0.07654883287614513
NV,1965,0.06461932181701856
NV,1966,0.08317765738838034
NV,1967,0.07853225258457507
NV,1968,0.07589070194071643
NV,1969,0.06444377990430622
NV,1970,0.04503283644323986
NV,1971,0.0339255192417258
NV,1972,0.032485717486277585
NV,1973,0.02945064241526992
NV,1974,0.04040840581275998
NV,1975,0.03421565609931261
NV,1976,0.04533275004101274
NV,1977,0.17258609047940582
NV,1978,0.26104730387385633
NV,1979,0.2656209441168836
NV,1980,0.15701233580459592
NV,1981,0.15703566179314613
NV,1982,0.1596676397933977
NV,1983,0.09053767585276547
NV,1984,0.1492350036428398
NV,1985,0.2607087918589516
NV,1986,0.244511151715537
NV,1987,0.38776343208232184
NV,1988,0.4392188122758071
NV,1989,0.38153776923234267
NV,1990,0.4395072923751228
NV,1991,0.33752189216303075
NV,1992,0.3698215232977977
NV,1993,0.2121059170678677
NV,1994,0.20149116535593914
NV,1995,0.16204309789497745
NV,1996,0.1247944454595286
NV,1997,0.10549719304096493
NV,1998,0.08038852433471268
NV,1999,0.07729404894222255
NV,2000,0.07464940222562363
NV,2001,0.07114429989729544
NV,2002,0.07536238682741474
NV,2003,0.07861592075295668
NV,2004,0.07268109480965118
NV,2005,0.07007039404482564
NV,2006,0.06064465562849025
NV,2007,0.059141930656023946
NV,2008,0.0626995717715785
NV,2009,0.051646433066709976
NV,2010,0.04816112084063047
NV,2011,0.0450268944937563
NV,2012,0.03643365938447906
NV,2013,0.0283273709571439
NV,2014,0.0264759322816024
NV,2015,0.02092485248628837
NV,2016,0.017617235602791246
NV,2017,0.016446378788182676
NV,2018,0.013620058291607503
NV,2019,0.013346226554809259
NV,2020,0.009688622960403018
NV,2021,0.009593805671450717
NY,1960,0.0761745817961781
NY,1961,0.05812377258168082
NY,1962,0.046425687420445366
NY,1963,0.049074446608440535
NY,1964,0.05285237422187472
NY,1965,0.04530548479261376
NY,1966,0.04126190154309662
NY,1967,0.04648557996482401
NY,1968,0.03934368434892921
NY,1969,0.03347024214550592
NY,1970,0.027051388232097462
NY,1971,0.02162006412876978
NY,1972,0.02260066772573177
NY,1973,0.022663863435016595
NY,1974,0.021607449976928563
NY,1975,0.02502811928826957
NY,1976,0.025790630813461862
NY,1977,0.026884912074826996
NY,1978,0.031092702285780656
NY,1979,0.03505945999048098
NY,1980,0.032738071830912804
NY,1981,0.033896819693394156
NY,1982,0.03644420469889746
NY,1983,0.036289038790595404
NY,1984,0.045895287942487616
NY,1985,0.054479475145006825
NY,1986,0.05122067838052183
NY,1987,0.04561777427530067
NY,1988,0.04222363217484507
NY,1989,0.03709155319521846
NY,1990,0.042116951845204025
NY,1991,0.036820512091240695
NY,1992,0.03933337978288295
NY,1993,0.03263306496509197
NY,1994,0.03087582284230579
NY,1995,0.030026515338527977
NY,1996,0.02458232940924064
NY,1997,0.022216230658398308
NY,1998,0.022868163658906187
NY,1999,0.021550489232039234
NY,2000,0.025051654886179133
NY,2001,0.03684611424090597
NY,2002,0.04730606339409427
NY,2003,0.04631190411963807
NY,2004,0.05804861434552844
NY,2005,0.06664811834598236
NY,2006,0.06714469370628097
NY,2007,0.06733039436307965
NY,2008,0.05926923166198565
NY,2009,0.05469626620790358
NY,2010,0.046054388107095945
NY,2011,0.03870521476016101
NY,2012,0.035927461863114935
NY,2013,0.03012630070060367
NY,2014,0.02630684584225078
NY,2015,0.021804399540983534
NY,2016,0.017648913066152423
NY,2017,0.014272338178421422
NY,2018,0.013560135966504086
NY,2019,0.013793842379046732
NY,2020,0.01294339694674703
NY,2021,0.014262439396129235
OH,1960,0.9590127579928726
OH,1961,0.9577768553068233
OH,1962,0.9593149447694023
OH,1963,0.9608079484749578
OH,1964,0.963382349136754
OH,1965,0.9637257621080102
OH,1966,0.9643567023451367
OH,1967,0.9674578590390187
OH,1968,0.9661956955411605
OH,1969,0.9673333313742833
OH,1970,0.9696201503819415
OH,1971,0.9684618484023665
OH,1972,0.9675982269544453
OH,1973,0.9619613876295139
OH,1974,0.9594078891649553
OH,1975,0.9616786916508233
OH,1976,0.9569897111620991
OH,1977,0.950417879832661
OH,1978,0.9195378351648903
OH,1979,0.914713437305736
OH,1980,0.893721427809329
OH,1981,0.8691519668475439
OH,1982,0.876441585824273
OH,1983,0.8484896486516654
OH,1984,0.8725764760495166
OH,1985,0.8799200721478269
OH,1986,0.9050166960165487
OH,1987,0.8438499129517524
OH,1988,0.8271730424941165
OH,1989,0.8081173339965976
OH,1990,0.8478586568310701
OH,1991,0.7974892564851996
OH,1992,0.79976820896853
OH,1993,0.8465761095181549
OH,1994,0.8223225464481874
OH,1995,0.7631092330389389
OH,1996,0.790033609244967
OH,1997,0.7855173332506072
OH,1998,0.772932187165391
OH,1999,0.7342506455760484
OH,2000,0.7266244116670232
OH,2001,0.776471639688139
OH,2002,0.8103369116618648
OH,2003,0.8308256584663506
OH,2004,0.7620231900415373
OH,2005,0.7765847921956435
OH,2006,0.745716764021257
OH,2007,0.7485238962945927
OH,2008,0.7202059510951867
OH,2009,0.7553936703698858
OH,2010,0.721564680057158
OH,2011,0.7274822586932865
OH,2012,0.7039179329334434
OH,2013,0.7202722876357618
OH,2014,0.7833334724522143
OH,2015,0.8341006391955373
OH,2016,0.8586283399486457
OH,2017,0.8700087258327114
OH,2018,0.8917621749692696
OH,2019,0.9023721579158632
OH,2020,0.8897709604677165
OH,2021,0.881993055843197
OK,1960,0.991417546713916
OK,1961,0.9905690304826913
OK,1962,0.992990038786208
OK,1963,0.9958341604325895
OK,1964,0.9957184644748879
OK,1965,0.9939045688878739
OK,1966,0.9953553184909228
OK,1967,0.9949914054108187
OK,1968,0.9918329292134859
OK,1969,0.9911374203182041
OK,1970,0.9930362875753654
OK,1971,0.993229825852654
OK,1972,0.991801651756721
OK,1973,0.9837682501651765
OK,1974,0.9833441972963911
OK,1975,0.9846852052632845
OK,1976,0.9898601058626539
OK,1977,0.9890502270919093
OK,1978,0.9873862423873633
OK,1979,0.9843915644751274
OK,1980,0.9919803643957218
OK,1981,0.9928404848829482
OK,1982,0.9888736604420134
OK,1983,0.9871261334471524
OK,1984,0.9882560003786288
OK,1985,0.9826858236384071
OK,1986,0.985784257121165
OK,1987,0.9856524370083407
OK,1988,0.9886154089643724
OK,1989,0.9844282769746968
OK,1990,0.9845220918726951
OK,1991,0.9866346151663523
OK,1992,0.9817739389762803
OK,1993,0.9768685369622787
OK,1994,0.9819645522945227
OK,1995,0.9795819295670442
OK,1996,0.9795195803164749
OK,1997,0.9774887215161937
OK,1998,0.9745789484945859
OK,1999,0.9756923999036783
OK,2000,0.9791577513118491
OK,2001,0.9788720863978414
OK,2002,0.9815410254825433
OK,2003,0.9807519640080583
OK,2004,0.9731755538304335
OK,2005,0.9731104440860866
OK,2006,0.9785522959591375
OK,2007,0.9696994288058507
OK,2008,0.9709552521394509
OK,2009,0.9687761378602099
OK,2010,0.9628978180119406
OK,2011,0.9632893498929174
OK,2012,0.9604144823321595
OK,2013,0.9483610379936213
OK,2014,0.9562471096896756
OK,2015,0.9536155755880322
OK,2016,0.9392856938024423
OK,2017,0.934170941330139
OK,2018,0.9359955356485066
OK,2019,0.9352167918811984
OK,2020,0.9289624193141491
OK,2021,0.915820693898296
OR,1960,0.0
OR,1961,0.0
OR,1962,0.0
OR,1963,0.0
OR,1964,0.0
OR,1965,0.0
OR,1966,0.0
OR,1967,0.0
OR,1968,0.0
OR,1969,0.0
OR,1970,0.0
OR,1971,0.0
OR,1972,0.0
OR,1973,0.0
OR,1974,0.0
OR,1975,0.0
OR,1976,0.0
OR,1977,0.0
OR,1978,0.0
OR,1979,4.585168355919108e-06
OR,1980,1.0870085091026093e-05
OR,1981,1.0006724518876686e-05
OR,1982,4.884601294419343e-06
OR,1983,4.882923764538906e-06
OR,1984,0.004482246272291033
OR,1985,0.006919925168634064
OR,1986,0.007676856750930825
OR,1987,0.007420226862133097
OR,1988,0.007551710392275553
OR,1989,0.00478952374959748
OR,1990,0.005193278311030487
OR,1991,0.0056083576461603635
OR,1992,0.006285843433059299
OR,1993,0.0099287217757367
OR,1994,0.009021236259445368
OR,1995,0.004262901671910036
OR,1996,0.0028827606672743073
OR,1997,0.002307167261164941
OR,1998,0.0024436725786124856
OR,1999,0.002654600655727443
OR,2000,0.0028475975821681473
OR,2001,0.0032442008841088274
OR,2002,0.0021320527732875704
OR,2003,0.0019209852058179892
OR,2004,0.0012282651598562436
OR,2005,0.0012838308635134171
OR,2006,0.001478147173648856
OR,2007,0.0010621028125589883
OR,2008,0.0019169175195665263
OR,2009,0.002019256164613796
OR,2010,0.0035688668847640875
OR,2011,0.0026451099205117476
OR,2012,0.0015763677042918464
OR,2013,0.0016846114407090018
OR,2014,0.002415230546602644
OR,2015,0.0020221135977472426
OR,2016,0.0018089123061498752
OR,2017,0.0013946556794363998
OR,2018,0.0010856671414322598
OR,2019,0.000984577299867082
OR,2020,0.0007429764474261488
OR,2021,0.0005042911440871863
PA,1960,0.9712404979019903
PA,1961,0.971406173037112
PA,1962,0.9715490195482097
PA,1963,0.9739762652844763
PA,1964,0.9764839053146119
PA,1965,0.9753452601156288
PA,1966,0.9733795890091144
PA,1967,0.9705654704140345
PA,1968,0.9720745045843334
PA,1969,0.9732059177530169
PA,1970,0.971336615591053
PA,1971,0.9714902892516948
PA,1972,0.9686301423266028
PA,1973,0.9670751919473224
PA,1974,0.9375603878793523
PA,1975,0.9043911720495148
PA,1976,0.9024797426907707
PA,1977,0.8960066649700559
PA,1978,0.8723935844658892
PA,1979,0.8894898932816875
PA,1980,0.9024350394136764
PA,1981,0.8822251325977108
PA,1982,0.8677682263776101
PA,1983,0.8549926599682146
PA,1984,0.8496352475675052
PA,1985,0.8253074690853048
PA,1986,0.7903865909452756
PA,1987,0.8083328035195295
PA,1988,0.798167742896251
PA,1989,0.7990256487669654
PA,1990,0.7428126581463854
PA,1991,0.7301710879345014
PA,1992,0.7276663713943968
PA,1993,0.7005162597762915
PA,1994,0.6838247395469437
PA,1995,0.680582913631478
PA,1996,0.6922309206908368
PA,1997,0.7155581755203155
PA,1998,0.7520549417508249
PA,1999,0.7193889877443381
PA,2000,0.7051214315294495
PA,2001,0.7059187012970248
PA,2002,0.6821290372289728
PA,2003,0.668036382883824
PA,2004,0.6647237805318938
PA,2005,0.6664037308480774
PA,2006,0.6661145281327165
PA,2007,0.6576694789170711
PA,2008,0.6590479769255768
PA,2009,0.6502498258156824
PA,2010,0.6840143034755158
PA,2011,0.7486367517205809
PA,2012,0.7982862690811497
PA,2013,0.8262144260640643
PA,2014,0.8572135045359823
PA,2015,0.860639180827917
PA,2016,0.8634835069625979
PA,2017,0.8679741430707676
PA,2018,0.8790841363077537
PA,2019,0.8890949820352347
PA,2020,0.8958797054070162
PA,2021,0.902759047832119
RI,1960,0.0
RI,1961,0.0
RI,1962,0.0
RI,1963,0.0
RI,1964,0.0
RI,1965,0.0
RI,1966,0.0
RI,1967,0.0
RI,1968,0.0
RI,1969,0.0
RI,1970,0.0
RI,1971,0.0
RI,1972,0.0
RI,1973,0.0
RI,1974,0.0
RI,1975,0.0
RI,1976,0.0
RI,1977,0.0
RI,1978,0.0
RI,1979,0.0
RI,1980,0.0
RI,1981,0.0
RI,1982,0.0
RI,1983,0.0
RI,1984,0.0
RI,1985,0.0
RI,1986,0.0
RI,1987,0.0
RI,1988,0.0
RI,1989,0.0
RI,1990,0.0
RI,1991,0.0
RI,1992,0.0
RI,1993,0.0
RI,1994,0.0
RI,1995,0.0
RI,1996,0.0
RI,1997,0.0
RI,1998,0.0
RI,1999,0.0
RI,2000,0.0
RI,2001,0.0
RI,2002,0.0
RI,2003,0.0
RI,2004,0.0
RI,2005,0.0
RI,2006,0.0
RI,2007,0.0
RI,2008,0.0
RI,2009,0.0
RI,2010,0.0
RI,2011,0.0
RI,2012,0.0
RI,2013,0.0
RI,2014,0.0
RI,2015,0.0
RI,2016,0.0
RI,2017,0.0
RI,2018,0.0
RI,2019,0.0
RI,2020,0.0
RI,2021,0.0
SC,1960,0.0
SC,1961,0.0
SC,1962,0.0
SC,1963,0.0
SC,1964,0.0
SC,1965,0.0
SC,1966,0.0
SC,1967,0.0
SC,1968,0.0
SC,1969,0.0
SC,1970,0.0
SC,1971,0.0
SC,1972,0.0
SC,1973,0.0
SC,1974,0.0
SC,1975,0.0
SC,1976,0.0
SC,1977,0.0
SC,1978,0.0
SC,1979,0.0
SC,1980,0.0
SC,1981,0.0
SC,1982,0.0
SC,1983,0.0
SC,1984,0.0
SC,1985,0.0
SC,1986,0.0
SC,1987,0.0
SC,1988,0.0
SC,1989,0.0
SC,1990,0.0
SC,1991,0.0
SC,1992,0.0
SC,1993,0.0
SC,1994,0.0
SC,1995,0.0
SC,1996,0.0
SC,1997,0.0
SC,1998,0.0
SC,1999,0.0
SC,2000,0.0
SC,2001,0.0
SC,2002,0.0
SC,2003,0.0
SC,2004,0.0
SC,2005,0.0
SC,2006,0.0
SC,2007,0.0
SC,2008,0.0
SC,2009,0.0
SC,2010,0.0
SC,2011,0.0
SC,2012,0.0
SC,2013,0.0
SC,2014,0.0
SC,2015,0.0
SC,2016,0.0
SC,2017,0.0
SC,2018,0.0
SC,2019,0.0
SC,2020,0.0
SC,2021,0.0
SD,1960,0.11924870792890457
SD,1961,0.10443537773098184
SD,1962,0.05375164545853445
SD,1963,0.03775241439859526
SD,1964,0.04085181595301898
SD,1965,0.029627210376522186
SD,1966,0.026123341375150783
SD,1967,0.022429906542056073
SD,1968,0.01781258208563173
SD,1969,0.01340455110850955
SD,1970,0.013049653368582397
SD,1971,0.016100583959003694
SD,1972,0.015952970141566908
SD,1973,0.0300212689868057
SD,1974,0.045289998261116994
SD,1975,0.03158125425331903
SD,1976,0.03349133978275189
SD,1977,0.06029704435928222
SD,1978,0.06474321095496235
SD,1979,0.07899668640338965
SD,1980,0.08109159546417302
SD,1981,0.1040152963671128
SD,1982,0.1304968836565097
SD,1983,0.12335554416538527
SD,1984,0.1324971772931942
SD,1985,0.1651810002092488
SD,1986,0.1516448850833709
SD,1987,0.1789363662618789
SD,1988,0.18618745981147306
SD,1989,0.20855509858473448
SD,1990,0.19051871833193598
SD,1991,0.1947946319642131
SD,1992,0.20378126817917394
SD,1993,0.24893823113031815
SD,1994,0.14750989322780558
SD,1995,0.1204315074862829
SD,1996,0.09047494370843588
SD,1997,0.08899230696172476
SD,1998,0.12076057756883815
SD,1999,0.09875378581003923
SD,2000,0.11843396808480804
SD,2001,0.16860196011350143
SD,2002,0.1274816641375822
SD,2003,0.10905187175636871
SD,2004,0.09669661249096773
SD,2005,0.08835888257723135
SD,2006,0.07288815688554105
SD,2007,0.08429243117450567
SD,2008,0.0737964554105004
SD,2009,0.06164211583528624
SD,2010,0.05061344838034252
SD,2011,0.04617866833986587
SD,2012,0.10530691537087494
SD,2013,0.11643168222873701
SD,2014,0.10638186397984886
SD,2015,0.04296150401344749
SD,2016,0.03480708834393764
SD,2017,0.03210686759230624
SD,2018,0.02964055384051105
SD,2019,0.02610929540971057
SD,2020,0.02384066964069424
SD,2021,0.019179390832232076
TN,1960,0.5180453296178289
TN,1961,0.5187987928769883
TN,1962,0.5183851591278664
TN,1963,0.5478204224600073
TN,1964,0.5153976763133211
TN,1965,0.5165166638055767
TN,1966,0.5519761200684075
TN,1967,0.5382003555271301
TN,1968,0.6079211684555028
TN,1969,0.6063619951359981
TN,1970,0.601243359721598
TN,1971,0.605745483576055
TN,1972,0.6212519691930685
TN,1973,0.527036045401732
TN,1974,0.49840277797084687
TN,1975,0.5221695189327584
TN,1976,0.5842817147220303
TN,1977,0.5623649665489547
TN,1978,0.5960892927481228
TN,1979,0.508107620593736
TN,1980,0.5956686173230954
TN,1981,0.5844636441779991
TN,1982,0.39513643063330106
TN,1983,0.33887189550027896
TN,1984,0.3634249055046474
TN,1985,0.41900733536351614
TN,1986,0.5349242505769392
TN,1987,0.4895332233107436
TN,1988,0.46988403687260727
TN,1989,0.31144824921803604
TN,1990,0.33953698736760174
TN,1991,0.2414353532174036
TN,1992,0.21743021890866662
TN,1993,0.30279208155875764
TN,1994,0.20602234887949172
TN,1995,0.2070207712425521
TN,1996,0.18582621596383253
TN,1997,0.16968417331185923
TN,1998,0.13249740345576433
TN,1999,0.1589487863585537
TN,2000,0.15343536938702973
TN,2001,0.16789313317198598
TN,2002,0.1621394221638089
TN,2003,0.13558263959827946
TN,2004,0.13831305720736534
TN,2005,0.15868333989614805
TN,2006,0.1590265690859144
TN,2007,0.14962102308489858
TN,2008,0.13623409448346985
TN,2009,0.11090228100307847
TN,2010,0.10311211024931075
TN,2011,0.09067166241580531
TN,2012,0.07962003232125787
TN,2013,0.0671524023155114
TN,2014,0.059513051301515386
TN,2015,0.06311303796129851
TN,2016,0.04579843090915454
TN,2017,0.031498476881584817
TN,2018,0.01887632244660228
TN,2019,0.027669683933012827
TN,2020,0.010329729428059726
TN,2021,0.00825656504786169
TX,1960,0.9958406583031468
TX,1961,0.9957386161179803
TX,1962,0.9961383387678953
TX,1963,0.9966347215468023
TX,1964,0.9966560792988869
TX,1965,0.9963238048762176
TX,1966,0.9962750847744269
TX,1967,0.9965537038161534
TX,1968,0.9957812596041564
TX,1969,0.9958245096243395
TX,1970,0.9962059634030871
TX,1971,0.9963594732409664
TX,1972,0.9960741814044423
TX,1973,0.995419457563886
TX,1974,0.9953528086630419
TX,1975,0.995131427271913
TX,1976,0.9949773124800072
TX,1977,0.9943895875158367
TX,1978,0.9938346264809074
TX,1979,0.9934706200462102
TX,1980,0.9950493042481933
TX,1981,0.9945182135559225
TX,1982,0.9933931845612509
TX,1983,0.9934210166658264
TX,1984,0.9926360184833704
TX,1985,0.9920386020380334
TX,1986,0.9903039044180757
TX,1987,0.9892177622805496
TX,1988,0.9862678549560192
TX,1989,0.9780597628977664
TX,1990,0.9732357348698811
TX,1991,0.9690818241545543
TX,1992,0.9626838012998192
TX,1993,0.9758449590406717
TX,1994,0.9598536993245501
TX,1995,0.9513493362255337
TX,1996,0.9525462548375753
TX,1997,0.9495294305343136
TX,1998,0.9490342039135657
TX,1999,0.9497928274477722
TX,2000,0.9496206155738136
TX,2001,0.9479233309511091
TX,2002,0.9468360235092732
TX,2003,0.9500318263819705
TX,2004,0.9407601086403025
TX,2005,0.9427428462792169
TX,2006,0.9397311976936542
TX,2007,0.9391394716881204
TX,2008,0.9352440473586265
TX,2009,0.9333344702574339
TX,2010,0.9278025586718397
TX,2011,0.9314547220325564
TX,2012,0.9390255944874931
TX,2013,0.9425250752389539
TX,2014,0.945740147321679
TX,2015,0.9449771424947733
TX,2016,0.9324559467830956
TX,2017,0.9315308814639567
TX,2018,0.9354768402721768
TX,2019,0.9410420463144381
TX,2020,0.9360124910264936
TX,2021,0.932163525780822
US,1960,0.931105980807365
US,1961,0.931003960804367
US,1962,0.9296177090968829
US,1963,0.9332856117576326
US,1964,0.9331763955710838
US,1965,0.9318860782850223
US,1966,0.9344010686971602
US,1967,0.9326838143187711
US,1968,0.9324726921383911
US,1969,0.929625550137236
US,1970,0.9322810467092852
US,1971,0.9257002379390906
US,1972,0.9226128969866215
US,1973,0.9163927702630925
US,1974,0.9034504187253916
US,1975,0.8926350579603497
US,1976,0.8890682792298283
US,1977,0.8886748894018576
US,1978,0.8731469205070581
US,1979,0.8803677304311817
US,1980,0.8786270537383403
US,1981,0.8744817819194485
US,1982,0.8635391705720608
US,1983,0.8489190955642418
US,1984,0.8553371715278589
US,1985,0.8504143561524401
US,1986,0.8441112494147438
US,1987,0.8469342803957025
US,1988,0.8405179599419127
US,1989,0.8297787910590079
US,1990,0.829170274602456
US,1991,0.8232774020799812
US,1992,0.8249208422252575
US,1993,0.8172662264573676
US,1994,0.8211282423551273
US,1995,0.8087638787135164
US,1996,0.8058658582804863
US,1997,0.8134975991747201
US,1998,0.813904539194839
US,1999,0.8026914050093906
US,2000,0.8039799262610811
US,2001,0.8158402014323862
US,2002,0.803621095863925
US,2003,0.8010015861341014
US,2004,0.7965247396140648
US,2005,0.7929089414404777
US,2006,0.7903382737997925
US,2007,0.789854977750781
US,2008,0.7861800988652576
US,2009,0.7801982632863065
US,2010,0.7760553794610874
US,2011,0.7748424239887514
US,2012,0.7861239763142316
US,2013,0.7840376613235724
US,2014,0.7934359916394419
US,2015,0.7953394148233764
US,2016,0.7760159533988656
US,2017,0.7770073395890371
US,2018,0.7912065214873247
US,2019,0.8024504830399213
US,2020,0.7920607832202188
US,2021,0.7922761435588951
UT,1960,0.9858914406189893
UT,1961,0.9877054997201535
UT,1962,0.9827977063608481
UT,1963,0.9849156467085677
UT,1964,0.9722295934977143
UT,1965,0.9667176906672377
UT,1966,0.9688768689022618
UT,1967,0.9555580124564877
UT,1968,0.9566835539059643
UT,1969,0.9540435003062011
UT,1970,0.9661863624926612
UT,1971,0.9585185721050139
UT,1972,0.9530206309556851
UT,1973,0.9619241491085899
UT,1974,0.971637285569671
UT,1975,0.9709648004423154
UT,1976,0.9670831922686283
UT,1977,0.974991189568449
UT,1978,0.9740933863476666
UT,1979,0.9737478989655113
UT,1980,0.9772236093917204
UT,1981,0.9790359374259624
UT,1982,0.97383954651259
UT,1983,0.9608147307586222
UT,1984,0.9637325425963166
UT,1985,0.9714022394434766
UT,1986,0.9664848023828885
UT,1987,0.9802360969444321
UT,1988,0.9846939305892687
UT,1989,0.985363181160565
UT,1990,0.9876294885439305
UT,1991,0.9850981053271424
UT,1992,0.9852883847411859
UT,1993,0.9840478160557227
UT,1994,0.9863556907777394
UT,1995,0.9844085460550341
UT,1996,0.983629578184982
UT,1997,0.9804493740273083
UT,1998,0.9812482513078534
UT,1999,0.9802158273381295
UT,2000,0.9851681615645014
UT,2001,0.9897574072934079
UT,2002,0.9888151042871492
UT,2003,0.9887593877369756
UT,2004,0.9880306980584665
UT,2005,0.9861989369286955
UT,2006,0.9878052723122781
UT,2007,0.989792198323004
UT,2008,0.9880706374210758
UT,2009,0.9858452472866359
UT,2010,0.9835152026050419
UT,2011,0.9783691142460992
UT,2012,0.9811980083902467
UT,2013,0.984689894849403
UT,2014,0.9810270142956622
UT,2015,0.9765508582960799
UT,2016,0.9604273315489956
UT,2017,0.9417955126937062
UT,2018,0.9436899591168159
UT,2019,0.9454913940030015
UT,2020,0.9356461042457103
UT,2021,0.9283584968523682
VA,1960,0.9154431878421606
VA,1961,0.9251351296546223
VA,1962,0.9217473247269805
VA,1963,0.9277975256935114
VA,1964,0.9309446721066654
VA,1965,0.9357788784991856
VA,1966,0.9378185277586324
VA,1967,0.9416352522131837
VA,1968,0.9401093099108527
VA,1969,0.937802702755104
VA,1970,0.9388695283446491
VA,1971,0.9268539735759924
VA,1972,0.925334446171414
VA,1973,0.8583275688515283
VA,1974,0.867723827338187
VA,1975,0.8436325601636523
VA,1976,0.8641313489473649
VA,1977,0.8446098506397368
VA,1978,0.7713630144795348
VA,1979,0.8494052462353282
VA,1980,0.8356902215077064
VA,1981,0.8014910571118488
VA,1982,0.7866480026163443
VA,1983,0.758078013554229
VA,1984,0.7909781165278186
VA,1985,0.7682454131911861
VA,1986,0.7846174283606769
VA,1987,0.8151648521349703
VA,1988,0.8073404286592544
VA,1989,0.8258732403284017
VA,1990,0.7835045168052572
VA,1991,0.7625485128488819
VA,1992,0.769761128185082
VA,1993,0.7523070944843766
VA,1994,0.7280383418346806
VA,1995,0.711864919436643
VA,1996,0.7086526514025036
VA,1997,0.7138377225298052
VA,1998,0.7025956961992162
VA,1999,0.6908909990502787
VA,2000,0.6975215928828262
VA,2001,0.7216571612313628
VA,2002,0.7065411968833254
VA,2003,0.72915155152286
VA,2004,0.6904158947341948
VA,2005,0.6590017150003462
VA,2006,0.6822141524011183
VA,2007,0.6566829816556271
VA,2008,0.6486803192264502
VA,2009,0.6241973345691778
VA,2010,0.6481569687102131
VA,2011,0.6585671427693567
VA,2012,0.6151865452002545
VA,2013,0.5859620328913129
VA,2014,0.5411884492864554
VA,2015,0.5370916089067974
VA,2016,0.5063122974528481
VA,2017,0.5025491852328724
VA,2018,0.48366250024945284
VA,2019,0.48954794804500473
VA,2020,0.43783377319301625
VA,2021,0.45467935283068606
VT,1960,0.0
VT,1961,0.0
VT,1962,0.0
VT,1963,0.0
VT,1964,0.0
VT,1965,0.0
VT,1966,0.0
VT,1967,0.0
VT,1968,0.0
VT,1969,0.0
VT,1970,0.0
VT,1971,0.0
VT,1972,0.0
VT,1973,0.0
VT,1974,0.0
VT,1975,0.0
VT,1976,0.0
VT,1977,0.0
VT,1978,0.0
VT,1979,0.0
VT,1980,0.0
VT,1981,0.0
VT,1982,0.0
VT,1983,0.0
VT,1984,0.0
VT,1985,0.0
VT,1986,0.0
VT,1987,0.0
VT,1988,0.0
VT,1989,0.0
VT,1990,0.0
VT,1991,0.0
VT,1992,0.0
VT,1993,0.0
VT,1994,0.0
VT,1995,0.0
VT,1996,0.0
VT,1997,0.0
VT,1998,0.0
VT,1999,0.0
VT,2000,0.0
VT,2001,0.0
VT,2002,0.0
VT,2003,0.0
VT,2004,0.0
VT,2005,0.0
VT,2006,0.0
VT,2007,0.0
VT,2008,0.0
VT,2009,0.0
VT,2010,0.0
VT,2011,0.0
VT,2012,0.0
VT,2013,0.0
VT,2014,0.0
VT,2015,0.0
VT,2016,0.0
VT,2017,0.0
VT,2018,0.0
VT,2019,0.0
VT,2020,0.0
VT,2021,0.0
WA,1960,0.008614122065814672
WA,1961,0.00677965362965352
WA,1962,0.007966568714776861
WA,1963,0.00598231785340132
WA,1964,0.0019840594788083465
WA,1965,0.0015383928602088505
WA,1966,0.0015261162802146409
WA,1967,0.0013683747381790792
WA,1968,0.0037013156970768673
WA,1969,0.0011605814943131507
WA,1970,0.0007305407212847825
WA,1971,0.02139300659128366
WA,1972,0.04618380515026449
WA,1973,0.05988889114995625
WA,1974,0.06134579261984692
WA,1975,0.05873225426202817
WA,1976,0.05817074055269457
WA,1977,0.09083822694532165
WA,1978,0.06786963903710005
WA,1979,0.08038955168682455
WA,1980,0.0787650046823122
WA,1981,0.06406210407500403
WA,1982,0.06044880710004875
WA,1983,0.05697947495068962
WA,1984,0.05690253741809476
WA,1985,0.06688031107121428
WA,1986,0.06732520160707575
WA,1987,0.07349967316029014
WA,1988,0.08563769364304695
WA,1989,0.08152499341333141
WA,1990,0.07071949689485431
WA,1991,0.07258324765947241
WA,1992,0.08793838900135845
WA,1993,0.07958870019532599
WA,1994,0.08377384858427513
WA,1995,0.071733978911401
WA,1996,0.05814008818317971
WA,1997,0.05498922256616372
WA,1998,0.06951702144926983
WA,1999,0.05291592835839654
WA,2000,0.06245282239438788
WA,2001,0.08825317824734233
WA,2002,0.08506423474320073
WA,2003,0.09710335616356676
WA,2004,0.08984542368412379
WA,2005,0.08468075605879365
WA,2006,0.03777975009898092
WA,2007,0.0
WA,2008,0.0
WA,2009,0.0
WA,2010,0.0
WA,2011,0.0
WA,2012,0.0
WA,2013,0.0
WA,2014,0.0
WA,2015,0.0
WA,2016,0.0
WA,2017,0.0
WA,2018,0.0
WA,2019,0.0
WA,2020,0.0
WA,2021,0.0
WI,1960,0.0
WI,1961,0.0
WI,1962,0.0
WI,1963,0.0
WI,1964,0.0
WI,1965,0.0
WI,1966,0.0
WI,1967,0.0
WI,1968,0.0
WI,1969,0.0
WI,1970,0.0
WI,1971,0.0
WI,1972,0.0
WI,1973,0.0
WI,1974,0.0
WI,1975,0.0
WI,1976,0.0
WI,1977,0.0
WI,1978,0.0
WI,1979,0.0
WI,1980,0.0
WI,1981,0.0
WI,1982,0.0
WI,1983,0.0
WI,1984,0.0
WI,1985,0.0
WI,1986,0.0
WI,1987,0.0
WI,1988,0.0
WI,1989,0.0
WI,1990,0.0
WI,1991,0.0
WI,1992,0.0
WI,1993,0.0
WI,1994,0.0
WI,1995,0.0
WI,1996,0.0
WI,1997,0.0
WI,1998,0.0
WI,1999,0.0
WI,2000,0.0
WI,2001,0.0
WI,2002,0.0
WI,2003,0.0
WI,2004,0.0
WI,2005,0.0
WI,2006,0.0
WI,2007,0.0
WI,2008,0.0
WI,2009,0.0
WI,2010,0.0
WI,2011,0.0
WI,2012,0.0
WI,2013,0.0
WI,2014,0.0
WI,2015,0.0
WI,2016,0.0
WI,2017,0.0
WI,2018,0.0
WI,2019,0.0
WI,2020,0.0
WI,2021,0.0
WV,1960,0.9927511606669526
WV,1961,0.9923448303748332
WV,1962,0.9926403180448372
WV,1963,0.9941205909324744
WV,1964,0.9942938392320082
WV,1965,0.9948580004346479
WV,1966,0.9949927414429234
WV,1967,0.994541693942813
WV,1968,0.9945324541124831
WV,1969,0.9944029933578149
WV,1970,0.9946544862815245
WV,1971,0.9932252297176495
WV,1972,0.9927233983677217
WV,1973,0.9925204084278688
WV,1974,0.9917083764262506
WV,1975,0.9923501778404133
WV,1976,0.9916919146245993
WV,1977,0.9907638928976159
WV,1978,0.9884279685524069
WV,1979,0.9890931569830711
WV,1980,0.992957672366539
WV,1981,0.9930297411006002
WV,1982,0.9927494204425711
WV,1983,0.992679641271437
WV,1984,0.9929327383949076
WV,1985,0.9929556392850856
WV,1986,0.9912750443940717
WV,1987,0.9924843991949605
WV,1988,0.9928376240116711
WV,1989,0.9939658486693588
WV,1990,0.9960504356234449
WV,1991,0.9964716743217709
WV,1992,0.9958863134731586
WV,1993,0.9948901846425966
WV,1994,0.9957940104351191
WV,1995,0.9956351355656801
WV,1996,0.9952244168672114
WV,1997,0.9962471101446064
WV,1998,0.9965061483469886
WV,1999,0.9965089345389863
WV,2000,0.9959941317949078
WV,2001,0.996599318200715
WV,2002,0.9962599101755794
WV,2003,0.9947394671160924
WV,2004,0.9951649616123902
WV,2005,0.993151607172513
WV,2006,0.9931159978831943
WV,2007,0.9937375392697245
WV,2008,0.9929801277078236
WV,2009,0.987916913482519
WV,2010,0.98758606985269
WV,2011,0.9876495097205839
WV,2012,0.9879408127631011
WV,2013,0.9858373632984643
WV,2014,0.9881308813740717
WV,2015,0.9907774148272138
WV,2016,0.9895456287246385
WV,2017,0.9903650414902464
WV,2018,0.9904354507754183
WV,2019,0.9918708623772714
WV,2020,0.991753890809797
WV,2021,0.992479635415956
WY,1960,0.9919707907307523
WY,1961,0.992395010788751
WY,1962,0.9890008213094689
WY,1963,0.9905867345584762
WY,1964,0.9905517251203738
WY,1965,0.990421632750863
WY,1966,0.9900862730814416
WY,1967,0.991426172586521
WY,1968,0.990250205369809
WY,1969,0.9901766791398848
WY,1970,0.9915585324040852
WY,1971,0.9892600345225686
WY,1972,0.9905662290297522
WY,1973,0.9906940571760737
WY,1974,0.9896604271298237
WY,1975,0.9915017968565772
WY,1976,0.9925880592553561
WY,1977,0.9949536627714177
WY,1978,0.9942007852138637
WY,1979,0.9943668989991675
WY,1980,0.9950842057036876
WY,1981,0.9960132820413785
WY,1982,0.9959743126881337
WY,1983,0.9950105903997662
WY,1984,0.9952206154142031
WY,1985,0.9959337007227591
WY,1986,0.9954312053292096
WY,1987,0.99706451466396
WY,1988,0.9972264477996016
WY,1989,0.9976036316367409
WY,1990,0.9979733609870596
WY,1991,0.9978244730815342
WY,1992,0.9981758607300295
WY,1993,0.9979047524434634
WY,1994,0.9977716759401489
WY,1995,0.9981531627368531
WY,1996,0.997543235624276
WY,1997,0.997338818061231
WY,1998,0.9976841773600117
WY,1999,0.9980368918650266
WY,2000,0.9979661844119168
WY,2001,0.9982024256764503
WY,2002,0.9985041856155241
WY,2003,0.998594800365324
WY,2004,0.9983956840633541
WY,2005,0.9979122767198803
WY,2006,0.998075815571019
WY,2007,0.9982401537891586
WY,2008,0.9980052096354358
WY,2009,0.9967074950958058
WY,2010,0.9957480366713435
WY,2011,0.9941647755545696
WY,2012,0.9944003536289926
WY,2013,0.9942459198020401
WY,2014,0.994214591838065
WY,2015,0.9945087740241136
WY,2016,0.9927452388967666
WY,2017,0.9928295891674952
WY,2018,0.9930216058900949
WY,2019,0.9911150757354376
WY,2020,0.987344127984495
WY,2021,0.9832198654034828
X3,1960,
X3,1961,
X3,1962,
X3,1963,
X3,1964,
X3,1965,
X3,1966,
X3,1967,
X3,1968,
X3,1969,
X3,1970,
X3,1971,
X3,1972,
X3,1973,
X3,1974,
X3,1975,
X3,1976,
X3,1977,
X3,1978,
X3,1979,
X3,1980,
X3,1981,
X3,1982,
X3,1983,
X3,1984,
X3,1985,
X3,1986,
X3,1987,
X3,1988,
X3,1989,
X3,1990,
X3,1991,
X3,1992,
X3,1993,
X3,1994,
X3,1995,
X3,1996,
X3,1997,
X3,1998,
X3,1999,
X3,2000,
X3,2001,
X3,2002,
X3,2003,
X3,2004,
X3,2005,
X3,2006,
X3,2007,
X3,2008,
X3,2009,
X3,2010,
X3,2011,
X3,2012,
X3,2013,
X3,2014,
X3,2015,
X3,2016,
X3,2017,
X3,2018,
X3,2019,
X3,2020,
X3,2021,
X5,1960,
X5,1961,
X5,1962,
X5,1963,
X5,1964,
X5,1965,
X5,1966,
X5,1967,
X5,1968,
X5,1969,
X5,1970,
X5,1971,
X5,1972,
X5,1973,
X5,1974,
X5,1975,
X5,1976,
X5,1977,
X5,1978,
X5,1979,
X5,1980,
X5,1981,
X5,1982,
X5,1983,
X5,1984,
X5,1985,
X5,1986,
X5,1987,
X5,1988,
X5,1989,
X5,1990,
X5,1991,
X5,1992,
X5,1993,
X5,1994,
X5,1995,
X5,1996,
X5,1997,
X5,1998,
X5,1999,
X5,2000,
X5,2001,
X5,2002,
X5,2003,
X5,2004,
X5,2005,
X5,2006,
X5,2007,
X5,2008,
X5,2009,
X5,2010,
X5,2011,
X5,2012,
X5,2013,
X5,2014,
X5,2015,
X5,2016,
X5,2017,
X5,2018,
X5,2019,
X5,2020,
X5,2021,
