state_code,Year,cdd,hdd,State,Description,cdd_hdd_sum
1,2000,171.0,233.5,AL,Alabama,404.5
1,2001,142.75,221.33333333333334,AL,Alabama,364.08333333333337
1,2002,171.08333333333334,231.16666666666666,AL,Alabama,402.25
1,2003,147.0,233.83333333333334,AL,Alabama,380.83333333333337
1,2004,153.41666666666666,219.75,AL,Alabama,373.16666666666663
1,2005,158.75,224.25,AL,Alabama,383.0
1,2006,169.75,211.16666666666666,AL,Alabama,380.91666666666663
1,2007,180.91666666666666,210.08333333333334,AL,Alabama,391.0
1,2008,153.41666666666666,233.91666666666666,AL,Alabama,387.3333333333333
1,2009,151.58333333333334,233.16666666666666,AL,Alabama,384.75
1,2010,190.91666666666666,276.5,AL,Alabama,467.41666666666663
1,2011,169.33333333333334,222.25,AL,Alabama,391.58333333333337
1,2012,169.58333333333334,184.08333333333334,AL,Alabama,353.6666666666667
1,2013,143.08333333333334,235.41666666666666,AL,Alabama,378.5
1,2014,152.08333333333334,261.1666666666667,AL,Alabama,413.25
1,2015,173.83333333333334,202.25,AL,Alabama,376.08333333333337
1,2016,191.91666666666666,196.08333333333334,AL,Alabama,388.0
1,2017,159.91666666666666,177.41666666666666,AL,Alabama,337.3333333333333
1,2018,187.25,224.5,AL,Alabama,411.75
1,2019,190.58333333333334,199.83333333333334,AL,Alabama,390.4166666666667
1,2020,165.58333333333334,190.33333333333334,AL,Alabama,355.9166666666667
2,2000,265.6666666666667,162.08333333333334,AZ,Arizona,427.75
2,2001,269.8333333333333,173.66666666666666,AZ,Arizona,443.5
2,2002,259.4166666666667,164.0,AZ,Arizona,423.4166666666667
2,2003,268.9166666666667,154.75,AZ,Arizona,423.6666666666667
2,2004,244.75,167.41666666666666,AZ,Arizona,412.16666666666663
2,2005,250.33333333333334,155.0,AZ,Arizona,405.33333333333337
2,2006,256.9166666666667,159.08333333333334,AZ,Arizona,416.0
2,2007,270.75,160.75,AZ,Arizona,431.5
2,2008,249.83333333333334,164.16666666666666,AZ,Arizona,414.0
2,2009,259.8333333333333,155.33333333333334,AZ,Arizona,415.16666666666663
2,2010,245.16666666666666,167.08333333333334,AZ,Arizona,412.25
2,2011,260.3333333333333,179.33333333333334,AZ,Arizona,439.66666666666663
2,2012,267.8333333333333,145.83333333333334,AZ,Arizona,413.66666666666663
2,2013,255.41666666666666,171.91666666666666,AZ,Arizona,427.3333333333333
2,2014,259.75,131.5,AZ,Arizona,391.25
2,2015,260.75,148.16666666666666,AZ,Arizona,408.91666666666663
2,2016,268.25,135.33333333333334,AZ,Arizona,403.58333333333337
2,2017,278.1666666666667,122.75,AZ,Arizona,400.9166666666667
2,2018,270.5,144.41666666666666,AZ,Arizona,414.91666666666663
2,2019,247.91666666666666,173.91666666666666,AZ,Arizona,421.8333333333333
2,2020,296.4166666666667,152.83333333333334,AZ,Arizona,449.25
3,2000,156.66666666666666,297.0833333333333,AR,Arkansas,453.75
3,2001,148.33333333333334,276.8333333333333,AR,Arkansas,425.16666666666663
3,2002,145.75,295.5,AR,Arkansas,441.25
3,2003,134.0,291.0833333333333,AR,Arkansas,425.0833333333333
3,2004,132.25,266.5833333333333,AR,Arkansas,398.8333333333333
3,2005,158.5,265.0,AR,Arkansas,423.5
3,2006,152.25,254.25,AR,Arkansas,406.5
3,2007,158.41666666666666,268.8333333333333,AR,Arkansas,427.25
3,2008,132.25,304.5,AR,Arkansas,436.75
3,2009,124.33333333333333,296.0,AR,Arkansas,420.3333333333333
3,2010,180.58333333333334,310.3333333333333,AR,Arkansas,490.91666666666663
3,2011,169.08333333333334,280.75,AR,Arkansas,449.83333333333337
3,2012,178.25,229.25,AR,Arkansas,407.5
3,2013,135.16666666666666,312.25,AR,Arkansas,447.41666666666663
3,2014,125.91666666666667,331.1666666666667,AR,Arkansas,457.08333333333337
3,2015,154.66666666666666,277.1666666666667,AR,Arkansas,431.83333333333337
3,2016,165.91666666666666,249.16666666666666,AR,Arkansas,415.0833333333333
3,2017,139.16666666666666,230.08333333333334,AR,Arkansas,369.25
3,2018,169.75,301.9166666666667,AR,Arkansas,471.6666666666667
3,2019,155.5,287.8333333333333,AR,Arkansas,443.3333333333333
3,2020,133.66666666666666,265.8333333333333,AR,Arkansas,399.5
4,2000,69.25,236.33333333333334,CA,California,305.58333333333337
4,2001,77.66666666666667,247.5,CA,California,325.1666666666667
4,2002,69.16666666666667,246.0,CA,California,315.1666666666667
4,2003,88.08333333333333,236.66666666666666,CA,California,324.75
4,2004,71.41666666666667,237.33333333333334,CA,California,308.75
4,2005,67.75,235.0,CA,California,302.75
4,2006,84.16666666666667,251.75,CA,California,335.9166666666667
4,2007,74.0,240.16666666666666,CA,California,314.16666666666663
4,2008,84.83333333333333,239.0,CA,California,323.8333333333333
4,2009,80.41666666666667,240.58333333333334,CA,California,321.0
4,2010,58.583333333333336,257.6666666666667,CA,California,316.25
4,2011,64.5,265.5833333333333,CA,California,330.0833333333333
4,2012,84.91666666666667,229.0,CA,California,313.9166666666667
4,2013,80.25,226.0,CA,California,306.25
4,2014,97.75,174.58333333333334,CA,California,272.33333333333337
4,2015,96.41666666666667,195.58333333333334,CA,California,292.0
4,2016,85.25,203.75,CA,California,289.0
4,2017,97.25,204.08333333333334,CA,California,301.33333333333337
4,2018,91.75,212.16666666666666,CA,California,303.91666666666663
4,2019,74.66666666666667,245.83333333333334,CA,California,320.5
4,2020,100.5,214.16666666666666,CA,California,314.66666666666663
5,2000,34.833333333333336,573.0833333333334,CO,Colorado,607.9166666666667
5,2001,33.166666666666664,573.0,CO,Colorado,606.1666666666666
5,2002,37.083333333333336,602.5,CO,Colorado,639.5833333333334
5,2003,34.333333333333336,570.25,CO,Colorado,604.5833333333334
5,2004,13.25,580.0833333333334,CO,Colorado,593.3333333333334
5,2005,27.5,569.3333333333334,CO,Colorado,596.8333333333334
5,2006,31.166666666666668,576.9166666666666,CO,Colorado,608.0833333333333
5,2007,33.75,596.3333333333334,CO,Colorado,630.0833333333334
5,2008,24.75,621.0833333333334,CO,Colorado,645.8333333333334
5,2009,15.5,612.75,CO,Colorado,628.25
5,2010,29.25,588.0833333333334,CO,Colorado,617.3333333333334
5,2011,35.333333333333336,616.4166666666666,CO,Colorado,651.75
5,2012,41.5,533.0833333333334,CO,Colorado,574.5833333333334
5,2013,30.416666666666668,623.3333333333334,CO,Colorado,653.75
5,2014,21.75,596.25,CO,Colorado,618.0
5,2015,28.166666666666668,555.6666666666666,CO,Colorado,583.8333333333333
5,2016,29.833333333333332,556.0,CO,Colorado,585.8333333333334
5,2017,26.5,539.9166666666666,CO,Colorado,566.4166666666666
5,2018,32.916666666666664,572.6666666666666,CO,Colorado,605.5833333333333
5,2019,31.0,624.8333333333334,CO,Colorado,655.8333333333334
5,2020,37.666666666666664,567.8333333333334,CO,Colorado,605.5
6,2000,30.0,509.0,CT,Connecticut,539.0
6,2001,47.5,472.6666666666667,CT,Connecticut,520.1666666666667
6,2002,51.583333333333336,474.75,CT,Connecticut,526.3333333333334
6,2003,46.416666666666664,538.1666666666666,CT,Connecticut,584.5833333333333
6,2004,39.75,512.3333333333334,CT,Connecticut,552.0833333333334
6,2005,62.583333333333336,514.8333333333334,CT,Connecticut,577.4166666666667
6,2006,49.916666666666664,451.3333333333333,CT,Connecticut,501.25
6,2007,47.0,495.4166666666667,CT,Connecticut,542.4166666666667
6,2008,47.583333333333336,492.3333333333333,CT,Connecticut,539.9166666666666
6,2009,37.0,508.5833333333333,CT,Connecticut,545.5833333333333
6,2010,65.5,460.3333333333333,CT,Connecticut,525.8333333333333
6,2011,59.333333333333336,467.0833333333333,CT,Connecticut,526.4166666666666
6,2012,58.5,419.0,CT,Connecticut,477.5
6,2013,53.666666666666664,494.1666666666667,CT,Connecticut,547.8333333333334
6,2014,44.083333333333336,517.0833333333334,CT,Connecticut,561.1666666666667
6,2015,59.583333333333336,494.8333333333333,CT,Connecticut,554.4166666666666
6,2016,66.33333333333333,447.0,CT,Connecticut,513.3333333333334
6,2017,49.333333333333336,453.3333333333333,CT,Connecticut,502.66666666666663
6,2018,68.5,478.25,CT,Connecticut,546.75
6,2019,55.5,494.75,CT,Connecticut,550.25
6,2020,64.33333333333333,445.3333333333333,CT,Connecticut,509.66666666666663
7,2000,72.5,394.5833333333333,DE,Delaware,467.0833333333333
7,2001,83.41666666666667,362.4166666666667,DE,Delaware,445.83333333333337
7,2002,104.16666666666667,353.8333333333333,DE,Delaware,458.0
7,2003,83.41666666666667,411.6666666666667,DE,Delaware,495.08333333333337
7,2004,90.66666666666667,382.4166666666667,DE,Delaware,473.08333333333337
7,2005,106.08333333333333,395.5,DE,Delaware,501.5833333333333
7,2006,94.08333333333333,333.8333333333333,DE,Delaware,427.91666666666663
7,2007,101.75,373.0833333333333,DE,Delaware,474.8333333333333
7,2008,93.58333333333333,367.25,DE,Delaware,460.8333333333333
7,2009,81.66666666666667,384.0,DE,Delaware,465.6666666666667
7,2010,124.25,382.0,DE,Delaware,506.25
7,2011,112.66666666666667,354.3333333333333,DE,Delaware,467.0
7,2012,111.41666666666667,320.8333333333333,DE,Delaware,432.25
7,2013,91.0,381.5,DE,Delaware,472.5
7,2014,84.83333333333333,409.25,DE,Delaware,494.0833333333333
7,2015,107.66666666666667,373.3333333333333,DE,Delaware,481.0
7,2016,113.16666666666667,353.0,DE,Delaware,466.1666666666667
7,2017,97.25,336.1666666666667,DE,Delaware,433.4166666666667
7,2018,116.08333333333333,372.6666666666667,DE,Delaware,488.75
7,2019,114.58333333333333,362.25,DE,Delaware,476.8333333333333
7,2020,104.66666666666667,333.25,DE,Delaware,437.9166666666667
8,2000,278.9166666666667,60.166666666666664,FL,Florida,339.08333333333337
8,2001,280.9166666666667,53.0,FL,Florida,333.9166666666667
8,2002,299.9166666666667,57.25,FL,Florida,357.1666666666667
8,2003,296.4166666666667,64.5,FL,Florida,360.9166666666667
8,2004,285.75,59.25,FL,Florida,345.0
8,2005,284.4166666666667,58.833333333333336,FL,Florida,343.25
8,2006,289.9166666666667,50.583333333333336,FL,Florida,340.5
8,2007,302.5,46.583333333333336,FL,Florida,349.0833333333333
8,2008,280.9166666666667,52.916666666666664,FL,Florida,333.83333333333337
8,2009,297.5833333333333,58.833333333333336,FL,Florida,356.41666666666663
8,2010,279.9166666666667,106.58333333333333,FL,Florida,386.5
8,2011,306.25,51.25,FL,Florida,357.5
8,2012,295.75,45.583333333333336,FL,Florida,341.3333333333333
8,2013,300.5,45.5,FL,Florida,346.0
8,2014,287.0,60.166666666666664,FL,Florida,347.1666666666667
8,2015,345.8333333333333,40.333333333333336,FL,Florida,386.16666666666663
8,2016,320.4166666666667,46.75,FL,Florida,367.1666666666667
8,2017,323.25,37.583333333333336,FL,Florida,360.8333333333333
8,2018,319.25,49.416666666666664,FL,Florida,368.6666666666667
8,2019,337.8333333333333,41.416666666666664,FL,Florida,379.25
8,2020,339.25,41.083333333333336,FL,Florida,380.3333333333333
9,2000,141.16666666666666,254.91666666666666,GA,Georgia,396.0833333333333
9,2001,126.75,225.08333333333334,GA,Georgia,351.83333333333337
9,2002,153.75,236.58333333333334,GA,Georgia,390.33333333333337
9,2003,127.83333333333333,244.25,GA,Georgia,372.0833333333333
9,2004,140.41666666666666,231.91666666666666,GA,Georgia,372.3333333333333
9,2005,141.08333333333334,239.08333333333334,GA,Georgia,380.1666666666667
9,2006,145.41666666666666,221.41666666666666,GA,Georgia,366.8333333333333
9,2007,155.41666666666666,219.0,GA,Georgia,374.41666666666663
9,2008,136.08333333333334,247.75,GA,Georgia,383.83333333333337
9,2009,135.16666666666666,250.33333333333334,GA,Georgia,385.5
9,2010,170.33333333333334,288.9166666666667,GA,Georgia,459.25
9,2011,157.25,230.91666666666666,GA,Georgia,388.16666666666663
9,2012,150.25,195.08333333333334,GA,Georgia,345.33333333333337
9,2013,122.58333333333333,245.66666666666666,GA,Georgia,368.25
9,2014,135.41666666666666,265.9166666666667,GA,Georgia,401.33333333333337
9,2015,154.33333333333334,214.41666666666666,GA,Georgia,368.75
9,2016,173.16666666666666,212.0,GA,Georgia,385.16666666666663
9,2017,144.41666666666666,188.75,GA,Georgia,333.16666666666663
9,2018,166.58333333333334,233.16666666666666,GA,Georgia,399.75
9,2019,174.58333333333334,204.75,GA,Georgia,379.33333333333337
9,2020,148.83333333333334,200.25,GA,Georgia,349.08333333333337
10,2000,40.5,575.1666666666666,ID,Idaho,615.6666666666666
10,2001,46.0,570.9166666666666,ID,Idaho,616.9166666666666
10,2002,40.166666666666664,596.5,ID,Idaho,636.6666666666666
10,2003,54.5,535.0833333333334,ID,Idaho,589.5833333333334
10,2004,37.583333333333336,561.3333333333334,ID,Idaho,598.9166666666667
10,2005,36.25,584.0,ID,Idaho,620.25
10,2006,48.166666666666664,566.4166666666666,ID,Idaho,614.5833333333333
10,2007,53.833333333333336,558.8333333333334,ID,Idaho,612.6666666666667
10,2008,37.75,611.5833333333334,ID,Idaho,649.3333333333334
10,2009,39.583333333333336,605.8333333333334,ID,Idaho,645.4166666666667
10,2010,28.333333333333332,577.75,ID,Idaho,606.0833333333334
10,2011,36.25,616.75,ID,Idaho,653.0
10,2012,48.25,541.1666666666666,ID,Idaho,589.4166666666666
10,2013,54.75,598.9166666666666,ID,Idaho,653.6666666666666
10,2014,45.0,540.9166666666666,ID,Idaho,585.9166666666666
10,2015,50.75,508.5833333333333,ID,Idaho,559.3333333333333
10,2016,37.916666666666664,535.75,ID,Idaho,573.6666666666666
10,2017,51.25,582.0833333333334,ID,Idaho,633.3333333333334
10,2018,45.083333333333336,553.8333333333334,ID,Idaho,598.9166666666667
10,2019,37.75,594.3333333333334,ID,Idaho,632.0833333333334
10,2020,40.583333333333336,555.0833333333334,ID,Idaho,595.6666666666667
11,2000,67.16666666666667,510.8333333333333,IL,Illinois,578.0
11,2001,73.0,478.3333333333333,IL,Illinois,551.3333333333333
11,2002,85.0,500.1666666666667,IL,Illinois,585.1666666666667
11,2003,62.666666666666664,523.9166666666666,IL,Illinois,586.5833333333333
11,2004,56.583333333333336,493.1666666666667,IL,Illinois,549.75
11,2005,92.33333333333333,494.25,IL,Illinois,586.5833333333334
11,2006,72.5,461.25,IL,Illinois,533.75
11,2007,87.66666666666667,495.0,IL,Illinois,582.6666666666666
11,2008,66.0,554.3333333333334,IL,Illinois,620.3333333333334
11,2009,51.916666666666664,533.0,IL,Illinois,584.9166666666666
11,2010,92.75,508.75,IL,Illinois,601.5
11,2011,81.83333333333333,503.5833333333333,IL,Illinois,585.4166666666666
11,2012,96.33333333333333,429.0,IL,Illinois,525.3333333333334
11,2013,67.08333333333333,551.0,IL,Illinois,618.0833333333334
11,2014,60.416666666666664,597.0,IL,Illinois,657.4166666666666
11,2015,70.16666666666667,500.3333333333333,IL,Illinois,570.5
11,2016,90.75,462.0,IL,Illinois,552.75
11,2017,70.0,461.9166666666667,IL,Illinois,531.9166666666667
11,2018,91.33333333333333,535.5833333333334,IL,Illinois,626.9166666666667
11,2019,78.0,535.8333333333334,IL,Illinois,613.8333333333334
11,2020,79.25,481.1666666666667,IL,Illinois,560.4166666666667
12,2000,66.08333333333333,484.1666666666667,IN,Indiana,550.25
12,2001,71.41666666666667,438.25,IN,Indiana,509.6666666666667
12,2002,90.41666666666667,460.75,IN,Indiana,551.1666666666666
12,2003,61.416666666666664,492.75,IN,Indiana,554.1666666666666
12,2004,63.416666666666664,460.3333333333333,IN,Indiana,523.75
12,2005,88.5,468.0833333333333,IN,Indiana,556.5833333333333
12,2006,69.83333333333333,428.9166666666667,IN,Indiana,498.75
12,2007,92.16666666666667,454.9166666666667,IN,Indiana,547.0833333333334
12,2008,68.66666666666667,503.1666666666667,IN,Indiana,571.8333333333334
12,2009,57.25,485.1666666666667,IN,Indiana,542.4166666666667
12,2010,97.58333333333333,481.5833333333333,IN,Indiana,579.1666666666666
12,2011,85.58333333333333,457.8333333333333,IN,Indiana,543.4166666666666
12,2012,95.08333333333333,402.6666666666667,IN,Indiana,497.75
12,2013,69.33333333333333,496.75,IN,Indiana,566.0833333333334
12,2014,62.166666666666664,546.9166666666666,IN,Indiana,609.0833333333333
12,2015,73.0,467.0833333333333,IN,Indiana,540.0833333333333
12,2016,92.25,427.75,IN,Indiana,520.0
12,2017,69.83333333333333,415.5,IN,Indiana,485.3333333333333
12,2018,97.75,483.4166666666667,IN,Indiana,581.1666666666667
12,2019,83.83333333333333,477.0833333333333,IN,Indiana,560.9166666666666
12,2020,76.58333333333333,439.9166666666667,IN,Indiana,516.5
13,2000,67.33333333333333,559.6666666666666,IA,Iowa,627.0
13,2001,68.25,544.25,IA,Iowa,612.5
13,2002,76.0,550.0,IA,Iowa,626.0
13,2003,62.583333333333336,576.6666666666666,IA,Iowa,639.25
13,2004,50.5,545.4166666666666,IA,Iowa,595.9166666666666
13,2005,79.66666666666667,544.3333333333334,IA,Iowa,624.0
13,2006,70.75,507.75,IA,Iowa,578.5
13,2007,81.75,562.0,IA,Iowa,643.75
13,2008,59.166666666666664,632.5833333333334,IA,Iowa,691.75
13,2009,46.5,597.5833333333334,IA,Iowa,644.0833333333334
13,2010,79.16666666666667,580.0,IA,Iowa,659.1666666666666
13,2011,74.5,568.4166666666666,IA,Iowa,642.9166666666666
13,2012,89.16666666666667,477.3333333333333,IA,Iowa,566.5
13,2013,66.66666666666667,617.25,IA,Iowa,683.9166666666666
13,2014,54.666666666666664,645.3333333333334,IA,Iowa,700.0
13,2015,63.666666666666664,537.0833333333334,IA,Iowa,600.75
13,2016,78.5,507.4166666666667,IA,Iowa,585.9166666666667
13,2017,67.25,519.0,IA,Iowa,586.25
13,2018,83.75,604.9166666666666,IA,Iowa,688.6666666666666
13,2019,69.16666666666667,612.3333333333334,IA,Iowa,681.5
13,2020,73.25,548.5833333333334,IA,Iowa,621.8333333333334
14,2000,140.0,413.0,KS,Kansas,553.0
14,2001,131.75,388.8333333333333,KS,Kansas,520.5833333333333
14,2002,130.5,413.0833333333333,KS,Kansas,543.5833333333333
14,2003,119.16666666666667,412.1666666666667,KS,Kansas,531.3333333333334
14,2004,100.83333333333333,389.25,KS,Kansas,490.0833333333333
14,2005,127.16666666666667,390.75,KS,Kansas,517.9166666666666
14,2006,131.5,355.25,KS,Kansas,486.75
14,2007,132.08333333333334,407.4166666666667,KS,Kansas,539.5
14,2008,105.75,442.75,KS,Kansas,548.5
14,2009,96.33333333333333,427.9166666666667,KS,Kansas,524.25
14,2010,138.75,420.0833333333333,KS,Kansas,558.8333333333333
14,2011,147.83333333333334,421.6666666666667,KS,Kansas,569.5
14,2012,152.08333333333334,331.0833333333333,KS,Kansas,483.16666666666663
14,2013,114.58333333333333,448.75,KS,Kansas,563.3333333333334
14,2014,111.75,444.5,KS,Kansas,556.25
14,2015,126.16666666666667,376.5,KS,Kansas,502.6666666666667
14,2016,136.25,351.9166666666667,KS,Kansas,488.1666666666667
14,2017,117.16666666666667,355.25,KS,Kansas,472.4166666666667
14,2018,141.5,436.5833333333333,KS,Kansas,578.0833333333333
14,2019,122.0,439.75,KS,Kansas,561.75
14,2020,116.25,388.0833333333333,KS,Kansas,504.3333333333333
15,2000,94.75,381.5833333333333,KY,Kentucky,476.3333333333333
15,2001,95.08333333333333,351.5833333333333,KY,Kentucky,446.66666666666663
15,2002,115.5,364.25,KY,Kentucky,479.75
15,2003,84.41666666666667,383.0833333333333,KY,Kentucky,467.5
15,2004,90.58333333333333,353.1666666666667,KY,Kentucky,443.75
15,2005,113.0,365.5,KY,Kentucky,478.5
15,2006,94.91666666666667,344.25,KY,Kentucky,439.1666666666667
15,2007,126.33333333333333,345.6666666666667,KY,Kentucky,472.0
15,2008,96.75,390.75,KY,Kentucky,487.5
15,2009,85.25,379.3333333333333,KY,Kentucky,464.5833333333333
15,2010,129.5,402.25,KY,Kentucky,531.75
15,2011,108.58333333333333,354.75,KY,Kentucky,463.3333333333333
15,2012,116.5,315.8333333333333,KY,Kentucky,432.3333333333333
15,2013,89.91666666666667,391.5,KY,Kentucky,481.4166666666667
15,2014,92.5,418.0833333333333,KY,Kentucky,510.5833333333333
15,2015,103.91666666666667,358.5833333333333,KY,Kentucky,462.5
15,2016,124.83333333333333,339.5833333333333,KY,Kentucky,464.41666666666663
15,2017,96.75,316.8333333333333,KY,Kentucky,413.5833333333333
15,2018,127.5,372.1666666666667,KY,Kentucky,499.6666666666667
15,2019,119.91666666666667,349.1666666666667,KY,Kentucky,469.08333333333337
15,2020,100.66666666666667,339.8333333333333,KY,Kentucky,440.5
16,2000,232.66666666666666,143.75,LA,Louisiana,376.41666666666663
16,2001,209.58333333333334,137.66666666666666,LA,Louisiana,347.25
16,2002,222.41666666666666,149.41666666666666,LA,Louisiana,371.8333333333333
16,2003,217.0,154.08333333333334,LA,Louisiana,371.08333333333337
16,2004,225.91666666666666,137.25,LA,Louisiana,363.16666666666663
16,2005,227.66666666666666,131.33333333333334,LA,Louisiana,359.0
16,2006,232.0,123.83333333333333,LA,Louisiana,355.8333333333333
16,2007,223.33333333333334,129.75,LA,Louisiana,353.08333333333337
16,2008,210.58333333333334,139.08333333333334,LA,Louisiana,349.6666666666667
16,2009,222.0,139.58333333333334,LA,Louisiana,361.58333333333337
16,2010,243.41666666666666,184.08333333333334,LA,Louisiana,427.5
16,2011,240.25,140.41666666666666,LA,Louisiana,380.66666666666663
16,2012,237.25,106.33333333333333,LA,Louisiana,343.5833333333333
16,2013,210.08333333333334,150.58333333333334,LA,Louisiana,360.6666666666667
16,2014,202.25,174.0,LA,Louisiana,376.25
16,2015,248.66666666666666,126.33333333333333,LA,Louisiana,375.0
16,2016,248.08333333333334,113.91666666666667,LA,Louisiana,362.0
16,2017,228.91666666666666,97.16666666666667,LA,Louisiana,326.0833333333333
16,2018,250.5,140.08333333333334,LA,Louisiana,390.58333333333337
16,2019,243.16666666666666,132.0,LA,Louisiana,375.16666666666663
16,2020,238.0,111.33333333333333,LA,Louisiana,349.3333333333333
17,2000,10.083333333333334,662.25,ME,Maine,672.3333333333334
17,2001,22.0,629.0,ME,Maine,651.0
17,2002,21.083333333333332,645.75,ME,Maine,666.8333333333334
17,2003,20.5,687.5,ME,Maine,708.0
17,2004,13.25,680.8333333333334,ME,Maine,694.0833333333334
17,2005,22.333333333333332,653.5833333333334,ME,Maine,675.9166666666667
17,2006,21.833333333333332,585.6666666666666,ME,Maine,607.5
17,2007,15.0,669.1666666666666,ME,Maine,684.1666666666666
17,2008,18.333333333333332,648.3333333333334,ME,Maine,666.6666666666667
17,2009,13.416666666666666,671.5,ME,Maine,684.9166666666666
17,2010,25.416666666666668,573.75,ME,Maine,599.1666666666666
17,2011,21.833333333333332,621.1666666666666,ME,Maine,643.0
17,2012,24.25,589.4166666666666,ME,Maine,613.6666666666666
17,2013,21.833333333333332,645.1666666666666,ME,Maine,667.0
17,2014,19.5,662.8333333333334,ME,Maine,682.3333333333334
17,2015,21.083333333333332,668.5833333333334,ME,Maine,689.6666666666667
17,2016,24.416666666666668,605.6666666666666,ME,Maine,630.0833333333333
17,2017,17.916666666666668,624.9166666666666,ME,Maine,642.8333333333333
17,2018,27.833333333333332,652.9166666666666,ME,Maine,680.75
17,2019,21.25,674.75,ME,Maine,696.0
17,2020,26.083333333333332,598.5833333333334,ME,Maine,624.6666666666667
18,2000,73.25,396.4166666666667,MD,Maryland,469.6666666666667
18,2001,81.25,368.0833333333333,MD,Maryland,449.3333333333333
18,2002,105.33333333333333,365.25,MD,Maryland,470.5833333333333
18,2003,82.16666666666667,414.25,MD,Maryland,496.4166666666667
18,2004,93.41666666666667,385.8333333333333,MD,Maryland,479.25
18,2005,106.0,396.6666666666667,MD,Maryland,502.6666666666667
18,2006,95.25,341.75,MD,Maryland,437.0
18,2007,105.33333333333333,377.4166666666667,MD,Maryland,482.75
18,2008,90.5,378.1666666666667,MD,Maryland,468.6666666666667
18,2009,82.66666666666667,394.0,MD,Maryland,476.6666666666667
18,2010,121.58333333333333,385.3333333333333,MD,Maryland,506.91666666666663
18,2011,111.16666666666667,362.0,MD,Maryland,473.1666666666667
18,2012,109.16666666666667,328.8333333333333,MD,Maryland,438.0
18,2013,86.83333333333333,392.1666666666667,MD,Maryland,479.0
18,2014,81.08333333333333,423.25,MD,Maryland,504.3333333333333
18,2015,103.5,384.0833333333333,MD,Maryland,487.5833333333333
18,2016,110.75,363.5833333333333,MD,Maryland,474.3333333333333
18,2017,92.66666666666667,342.0,MD,Maryland,434.6666666666667
18,2018,113.41666666666667,387.25,MD,Maryland,500.6666666666667
18,2019,113.83333333333333,367.4166666666667,MD,Maryland,481.25
18,2020,104.25,335.0833333333333,MD,Maryland,439.3333333333333
19,2000,24.916666666666668,530.0833333333334,MA,Massachusetts,555.0
19,2001,40.833333333333336,496.75,MA,Massachusetts,537.5833333333334
19,2002,45.583333333333336,496.5833333333333,MA,Massachusetts,542.1666666666666
19,2003,43.416666666666664,561.0,MA,Massachusetts,604.4166666666666
19,2004,32.416666666666664,537.25,MA,Massachusetts,569.6666666666666
19,2005,52.75,534.5833333333334,MA,Massachusetts,587.3333333333334
19,2006,42.666666666666664,471.4166666666667,MA,Massachusetts,514.0833333333334
19,2007,40.333333333333336,522.0,MA,Massachusetts,562.3333333333334
19,2008,41.5,515.1666666666666,MA,Massachusetts,556.6666666666666
19,2009,31.166666666666668,531.6666666666666,MA,Massachusetts,562.8333333333333
19,2010,57.25,476.8333333333333,MA,Massachusetts,534.0833333333333
19,2011,48.25,488.4166666666667,MA,Massachusetts,536.6666666666667
19,2012,49.75,441.3333333333333,MA,Massachusetts,491.0833333333333
19,2013,49.0,514.0,MA,Massachusetts,563.0
19,2014,37.0,533.1666666666666,MA,Massachusetts,570.1666666666666
19,2015,49.166666666666664,522.3333333333334,MA,Massachusetts,571.5
19,2016,55.5,475.9166666666667,MA,Massachusetts,531.4166666666667
19,2017,39.75,483.0,MA,Massachusetts,522.75
19,2018,59.333333333333336,505.0833333333333,MA,Massachusetts,564.4166666666666
19,2019,48.083333333333336,520.4166666666666,MA,Massachusetts,568.5
19,2020,58.5,461.25,MA,Massachusetts,519.75
20,2000,35.916666666666664,564.75,MI,Michigan,600.6666666666666
20,2001,46.833333333333336,522.6666666666666,MI,Michigan,569.5
20,2002,58.75,554.75,MI,Michigan,613.5
20,2003,38.666666666666664,594.3333333333334,MI,Michigan,633.0
20,2004,34.583333333333336,564.5,MI,Michigan,599.0833333333334
20,2005,64.83333333333333,566.0833333333334,MI,Michigan,630.9166666666667
20,2006,48.583333333333336,513.25,MI,Michigan,561.8333333333334
20,2007,54.75,546.1666666666666,MI,Michigan,600.9166666666666
20,2008,43.833333333333336,589.4166666666666,MI,Michigan,633.25
20,2009,30.666666666666668,585.75,MI,Michigan,616.4166666666666
20,2010,63.416666666666664,533.4166666666666,MI,Michigan,596.8333333333333
20,2011,57.25,560.5833333333334,MI,Michigan,617.8333333333334
20,2012,64.41666666666667,481.1666666666667,MI,Michigan,545.5833333333334
20,2013,45.0,584.0833333333334,MI,Michigan,629.0833333333334
20,2014,36.916666666666664,639.1666666666666,MI,Michigan,676.0833333333333
20,2015,46.833333333333336,559.4166666666666,MI,Michigan,606.25
20,2016,64.16666666666667,513.0,MI,Michigan,577.1666666666666
20,2017,46.75,518.75,MI,Michigan,565.5
20,2018,64.83333333333333,571.1666666666666,MI,Michigan,636.0
20,2019,52.833333333333336,580.25,MI,Michigan,633.0833333333334
20,2020,58.25,523.0,MI,Michigan,581.25
21,2000,32.916666666666664,703.9166666666666,MN,Minnesota,736.8333333333333
21,2001,43.5,675.0,MN,Minnesota,718.5
21,2002,44.333333333333336,706.5,MN,Minnesota,750.8333333333334
21,2003,38.916666666666664,716.75,MN,Minnesota,755.6666666666666
21,2004,23.166666666666668,703.9166666666666,MN,Minnesota,727.0833333333333
21,2005,46.166666666666664,677.25,MN,Minnesota,723.4166666666666
21,2006,48.166666666666664,637.5833333333334,MN,Minnesota,685.75
21,2007,46.0,691.5,MN,Minnesota,737.5
21,2008,32.833333333333336,772.6666666666666,MN,Minnesota,805.5
21,2009,24.583333333333332,743.3333333333334,MN,Minnesota,767.9166666666667
21,2010,45.166666666666664,682.5833333333334,MN,Minnesota,727.75
21,2011,44.5,706.0,MN,Minnesota,750.5
21,2012,53.083333333333336,615.5833333333334,MN,Minnesota,668.6666666666667
21,2013,37.75,781.0,MN,Minnesota,818.75
21,2014,32.916666666666664,802.25,MN,Minnesota,835.1666666666666
21,2015,38.833333333333336,657.4166666666666,MN,Minnesota,696.25
21,2016,42.333333333333336,632.8333333333334,MN,Minnesota,675.1666666666667
21,2017,33.416666666666664,678.75,MN,Minnesota,712.1666666666666
21,2018,46.416666666666664,750.6666666666666,MN,Minnesota,797.0833333333333
21,2019,36.333333333333336,777.1666666666666,MN,Minnesota,813.5
21,2020,46.0,692.5,MN,Minnesota,738.5
22,2000,194.08333333333334,210.33333333333334,MS,Mississippi,404.4166666666667
22,2001,166.0,198.83333333333334,MS,Mississippi,364.83333333333337
22,2002,185.5,208.16666666666666,MS,Mississippi,393.66666666666663
22,2003,169.83333333333334,214.25,MS,Mississippi,384.08333333333337
22,2004,173.5,194.91666666666666,MS,Mississippi,368.41666666666663
22,2005,180.58333333333334,195.33333333333334,MS,Mississippi,375.9166666666667
22,2006,188.83333333333334,186.41666666666666,MS,Mississippi,375.25
22,2007,192.83333333333334,185.25,MS,Mississippi,378.08333333333337
22,2008,167.66666666666666,210.0,MS,Mississippi,377.66666666666663
22,2009,173.83333333333334,206.41666666666666,MS,Mississippi,380.25
22,2010,208.41666666666666,247.58333333333334,MS,Mississippi,456.0
22,2011,191.25,200.75,MS,Mississippi,392.0
22,2012,191.25,163.08333333333334,MS,Mississippi,354.33333333333337
22,2013,166.5,216.83333333333334,MS,Mississippi,383.33333333333337
22,2014,166.0,239.75,MS,Mississippi,405.75
22,2015,198.33333333333334,180.41666666666666,MS,Mississippi,378.75
22,2016,208.08333333333334,174.25,MS,Mississippi,382.33333333333337
22,2017,179.66666666666666,151.5,MS,Mississippi,331.16666666666663
22,2018,205.58333333333334,205.75,MS,Mississippi,411.33333333333337
22,2019,202.33333333333334,189.66666666666666,MS,Mississippi,392.0
22,2020,188.5,165.25,MS,Mississippi,353.75
23,2000,109.33333333333333,422.6666666666667,MO,Missouri,532.0
23,2001,106.25,397.6666666666667,MO,Missouri,503.9166666666667
23,2002,112.66666666666667,418.0,MO,Missouri,530.6666666666666
23,2003,97.41666666666667,427.25,MO,Missouri,524.6666666666666
23,2004,82.75,401.0833333333333,MO,Missouri,483.8333333333333
23,2005,118.5,398.5,MO,Missouri,517.0
23,2006,110.83333333333333,370.5,MO,Missouri,481.3333333333333
23,2007,124.75,403.75,MO,Missouri,528.5
23,2008,90.41666666666667,455.1666666666667,MO,Missouri,545.5833333333334
23,2009,81.58333333333333,431.9166666666667,MO,Missouri,513.5
23,2010,126.08333333333333,437.0,MO,Missouri,563.0833333333334
23,2011,119.83333333333333,416.5,MO,Missouri,536.3333333333334
23,2012,133.91666666666666,339.9166666666667,MO,Missouri,473.83333333333337
23,2013,95.41666666666667,455.0833333333333,MO,Missouri,550.5
23,2014,92.16666666666667,475.0,MO,Missouri,567.1666666666666
23,2015,105.91666666666667,394.0,MO,Missouri,499.9166666666667
23,2016,123.83333333333333,366.5833333333333,MO,Missouri,490.41666666666663
23,2017,104.0,357.5833333333333,MO,Missouri,461.5833333333333
23,2018,133.16666666666666,443.3333333333333,MO,Missouri,576.5
23,2019,111.58333333333333,431.8333333333333,MO,Missouri,543.4166666666666
23,2020,101.83333333333333,397.0833333333333,MO,Missouri,498.91666666666663
24,2000,17.916666666666668,720.9166666666666,MT,Montana,738.8333333333333
24,2001,21.333333333333332,689.1666666666666,MT,Montana,710.5
24,2002,15.583333333333334,749.0833333333334,MT,Montana,764.6666666666667
24,2003,26.0,693.9166666666666,MT,Montana,719.9166666666666
24,2004,10.75,692.6666666666666,MT,Montana,703.4166666666666
24,2005,14.083333333333334,704.5833333333334,MT,Montana,718.6666666666667
24,2006,23.25,675.5,MT,Montana,698.75
24,2007,27.166666666666668,683.25,MT,Montana,710.4166666666666
24,2008,13.666666666666666,746.5833333333334,MT,Montana,760.25
24,2009,12.666666666666666,745.6666666666666,MT,Montana,758.3333333333333
24,2010,10.166666666666666,726.0,MT,Montana,736.1666666666666
24,2011,16.916666666666668,739.0,MT,Montana,755.9166666666666
24,2012,24.166666666666668,667.3333333333334,MT,Montana,691.5
24,2013,20.916666666666668,714.0833333333334,MT,Montana,735.0
24,2014,15.583333333333334,717.75,MT,Montana,733.3333333333334
24,2015,19.0,642.3333333333334,MT,Montana,661.3333333333334
24,2016,15.0,657.5,MT,Montana,672.5
24,2017,23.25,704.0,MT,Montana,727.25
24,2018,14.25,728.25,MT,Montana,742.5
24,2019,12.25,774.1666666666666,MT,Montana,786.4166666666666
24,2020,16.833333333333332,691.6666666666666,MT,Montana,708.5
25,2000,93.91666666666667,517.8333333333334,NE,Nebraska,611.75
25,2001,90.08333333333333,499.9166666666667,NE,Nebraska,590.0
25,2002,101.33333333333333,521.5833333333334,NE,Nebraska,622.9166666666667
25,2003,81.91666666666667,520.4166666666666,NE,Nebraska,602.3333333333333
25,2004,67.58333333333333,500.0,NE,Nebraska,567.5833333333334
25,2005,96.16666666666667,493.6666666666667,NE,Nebraska,589.8333333333334
25,2006,90.66666666666667,470.5833333333333,NE,Nebraska,561.25
25,2007,97.91666666666667,520.9166666666666,NE,Nebraska,618.8333333333333
25,2008,74.41666666666667,574.6666666666666,NE,Nebraska,649.0833333333333
25,2009,58.916666666666664,557.1666666666666,NE,Nebraska,616.0833333333333
25,2010,90.5,539.4166666666666,NE,Nebraska,629.9166666666666
25,2011,85.66666666666667,541.4166666666666,NE,Nebraska,627.0833333333333
25,2012,109.25,446.3333333333333,NE,Nebraska,555.5833333333333
25,2013,83.83333333333333,559.8333333333334,NE,Nebraska,643.6666666666667
25,2014,69.58333333333333,557.8333333333334,NE,Nebraska,627.4166666666667
25,2015,80.41666666666667,481.6666666666667,NE,Nebraska,562.0833333333334
25,2016,92.66666666666667,463.0833333333333,NE,Nebraska,555.75
25,2017,83.5,483.9166666666667,NE,Nebraska,567.4166666666667
25,2018,93.0,568.0,NE,Nebraska,661.0
25,2019,85.66666666666667,571.9166666666666,NE,Nebraska,657.5833333333333
25,2020,91.08333333333333,504.0833333333333,NE,Nebraska,595.1666666666666
26,2000,187.5,281.3333333333333,NV,Nevada,468.8333333333333
26,2001,197.83333333333334,288.3333333333333,NV,Nevada,486.16666666666663
26,2002,186.75,294.3333333333333,NV,Nevada,481.0833333333333
26,2003,201.41666666666666,278.5,NV,Nevada,479.91666666666663
26,2004,175.5,290.5,NV,Nevada,466.0
26,2005,167.33333333333334,288.5,NV,Nevada,455.83333333333337
26,2006,185.25,297.3333333333333,NV,Nevada,482.5833333333333
26,2007,196.75,283.0,NV,Nevada,479.75
26,2008,183.25,299.0833333333333,NV,Nevada,482.3333333333333
26,2009,182.91666666666666,299.0,NV,Nevada,481.91666666666663
26,2010,169.33333333333334,304.5,NV,Nevada,473.83333333333337
26,2011,164.33333333333334,318.5833333333333,NV,Nevada,482.91666666666663
26,2012,196.91666666666666,266.3333333333333,NV,Nevada,463.25
26,2013,182.41666666666666,302.5833333333333,NV,Nevada,485.0
26,2014,188.91666666666666,242.66666666666666,NV,Nevada,431.5833333333333
26,2015,191.08333333333334,256.3333333333333,NV,Nevada,447.41666666666663
26,2016,187.75,265.4166666666667,NV,Nevada,453.1666666666667
26,2017,192.66666666666666,258.4166666666667,NV,Nevada,451.08333333333337
26,2018,204.33333333333334,274.1666666666667,NV,Nevada,478.5
26,2019,167.66666666666666,314.1666666666667,NV,Nevada,481.83333333333337
26,2020,207.33333333333334,272.8333333333333,NV,Nevada,480.16666666666663
27,2000,11.5,640.6666666666666,NH,New Hampshire,652.1666666666666
27,2001,25.0,606.0833333333334,NH,New Hampshire,631.0833333333334
27,2002,28.166666666666668,607.0833333333334,NH,New Hampshire,635.25
27,2003,26.416666666666668,670.0833333333334,NH,New Hampshire,696.5
27,2004,18.0,643.0,NH,New Hampshire,661.0
27,2005,33.583333333333336,633.0833333333334,NH,New Hampshire,666.6666666666667
27,2006,26.583333333333332,572.0,NH,New Hampshire,598.5833333333334
27,2007,20.333333333333332,639.25,NH,New Hampshire,659.5833333333334
27,2008,22.833333333333332,627.8333333333334,NH,New Hampshire,650.6666666666667
27,2009,16.0,646.75,NH,New Hampshire,662.75
27,2010,32.833333333333336,569.25,NH,New Hampshire,602.0833333333334
27,2011,28.75,598.75,NH,New Hampshire,627.5
27,2012,31.0,548.9166666666666,NH,New Hampshire,579.9166666666666
27,2013,29.083333333333332,622.5,NH,New Hampshire,651.5833333333334
27,2014,20.666666666666668,649.5833333333334,NH,New Hampshire,670.25
27,2015,27.666666666666668,633.25,NH,New Hampshire,660.9166666666666
27,2016,31.416666666666668,576.75,NH,New Hampshire,608.1666666666666
27,2017,20.916666666666668,591.6666666666666,NH,New Hampshire,612.5833333333333
27,2018,36.75,618.8333333333334,NH,New Hampshire,655.5833333333334
27,2019,27.5,643.75,NH,New Hampshire,671.25
27,2020,34.75,575.5,NH,New Hampshire,610.25
28,2000,50.333333333333336,450.9166666666667,NJ,New Jersey,501.25
28,2001,63.5,419.5,NJ,New Jersey,483.0
28,2002,77.75,414.5833333333333,NJ,New Jersey,492.3333333333333
28,2003,63.833333333333336,475.0,NJ,New Jersey,538.8333333333334
28,2004,64.91666666666667,440.6666666666667,NJ,New Jersey,505.58333333333337
28,2005,87.41666666666667,450.0833333333333,NJ,New Jersey,537.5
28,2006,71.0,385.4166666666667,NJ,New Jersey,456.4166666666667
28,2007,72.33333333333333,429.5,NJ,New Jersey,501.8333333333333
28,2008,71.33333333333333,430.1666666666667,NJ,New Jersey,501.5
28,2009,56.333333333333336,441.75,NJ,New Jersey,498.0833333333333
28,2010,95.0,418.1666666666667,NJ,New Jersey,513.1666666666667
28,2011,85.83333333333333,407.4166666666667,NJ,New Jersey,493.25
28,2012,83.33333333333333,370.8333333333333,NJ,New Jersey,454.16666666666663
28,2013,70.16666666666667,438.25,NJ,New Jersey,508.4166666666667
28,2014,62.666666666666664,469.1666666666667,NJ,New Jersey,531.8333333333334
28,2015,83.83333333333333,432.0833333333333,NJ,New Jersey,515.9166666666666
28,2016,88.25,403.5,NJ,New Jersey,491.75
28,2017,69.5,398.0833333333333,NJ,New Jersey,467.5833333333333
28,2018,89.75,432.6666666666667,NJ,New Jersey,522.4166666666667
28,2019,85.33333333333333,424.1666666666667,NJ,New Jersey,509.5
28,2020,85.41666666666667,384.5833333333333,NJ,New Jersey,470.0
29,2000,93.75,361.3333333333333,NM,New Mexico,455.0833333333333
29,2001,86.66666666666667,374.0833333333333,NM,New Mexico,460.75
29,2002,91.08333333333333,380.75,NM,New Mexico,471.8333333333333
29,2003,93.83333333333333,349.8333333333333,NM,New Mexico,443.66666666666663
29,2004,67.66666666666667,384.4166666666667,NM,New Mexico,452.08333333333337
29,2005,82.91666666666667,361.5833333333333,NM,New Mexico,444.5
29,2006,81.58333333333333,363.8333333333333,NM,New Mexico,445.41666666666663
29,2007,82.91666666666667,377.4166666666667,NM,New Mexico,460.33333333333337
29,2008,70.66666666666667,385.4166666666667,NM,New Mexico,456.08333333333337
29,2009,79.41666666666667,372.3333333333333,NM,New Mexico,451.75
29,2010,86.91666666666667,383.0833333333333,NM,New Mexico,470.0
29,2011,101.91666666666667,387.6666666666667,NM,New Mexico,489.58333333333337
29,2012,96.16666666666667,342.6666666666667,NM,New Mexico,438.83333333333337
29,2013,86.33333333333333,399.4166666666667,NM,New Mexico,485.75
29,2014,82.25,357.75,NM,New Mexico,440.0
29,2015,88.66666666666667,361.0,NM,New Mexico,449.6666666666667
29,2016,88.91666666666667,344.5,NM,New Mexico,433.4166666666667
29,2017,85.83333333333333,314.9166666666667,NM,New Mexico,400.75
29,2018,101.16666666666667,355.3333333333333,NM,New Mexico,456.5
29,2019,93.33333333333333,381.25,NM,New Mexico,474.5833333333333
29,2020,105.08333333333333,347.1666666666667,NM,New Mexico,452.25
30,2000,31.583333333333332,524.3333333333334,NY,New York,555.9166666666667
30,2001,47.5,480.5833333333333,NY,New York,528.0833333333333
30,2002,56.166666666666664,482.6666666666667,NY,New York,538.8333333333334
30,2003,47.083333333333336,545.9166666666666,NY,New York,593.0
30,2004,40.833333333333336,518.5,NY,New York,559.3333333333334
30,2005,69.0,518.5,NY,New York,587.5
30,2006,52.083333333333336,455.25,NY,New York,507.3333333333333
30,2007,49.333333333333336,505.25,NY,New York,554.5833333333334
30,2008,49.916666666666664,501.6666666666667,NY,New York,551.5833333333334
30,2009,37.916666666666664,518.0,NY,New York,555.9166666666666
30,2010,68.0,476.5833333333333,NY,New York,544.5833333333333
30,2011,62.0,478.5833333333333,NY,New York,540.5833333333333
30,2012,60.833333333333336,429.8333333333333,NY,New York,490.66666666666663
30,2013,51.833333333333336,506.75,NY,New York,558.5833333333334
30,2014,45.416666666666664,531.5833333333334,NY,New York,577.0
30,2015,61.083333333333336,505.0,NY,New York,566.0833333333334
30,2016,66.75,461.6666666666667,NY,New York,528.4166666666667
30,2017,48.916666666666664,467.0833333333333,NY,New York,516.0
30,2018,66.91666666666667,503.1666666666667,NY,New York,570.0833333333334
30,2019,55.0,510.4166666666667,NY,New York,565.4166666666667
30,2020,64.08333333333333,456.3333333333333,NY,New York,520.4166666666666
31,2000,111.33333333333333,305.0,NC,North Carolina,416.3333333333333
31,2001,104.83333333333333,267.3333333333333,NC,North Carolina,372.16666666666663
31,2002,131.0,277.1666666666667,NC,North Carolina,408.1666666666667
31,2003,108.41666666666667,293.3333333333333,NC,North Carolina,401.75
31,2004,119.83333333333333,283.0833333333333,NC,North Carolina,402.91666666666663
31,2005,127.58333333333333,288.4166666666667,NC,North Carolina,416.0
31,2006,113.66666666666667,261.25,NC,North Carolina,374.9166666666667
31,2007,135.5,259.6666666666667,NC,North Carolina,395.1666666666667
31,2008,116.33333333333333,284.5,NC,North Carolina,400.8333333333333
31,2009,115.08333333333333,294.1666666666667,NC,North Carolina,409.25
31,2010,152.66666666666666,323.5,NC,North Carolina,476.16666666666663
31,2011,137.58333333333334,269.75,NC,North Carolina,407.33333333333337
31,2012,125.91666666666667,246.25,NC,North Carolina,372.1666666666667
31,2013,106.0,294.5,NC,North Carolina,400.5
31,2014,115.58333333333333,309.6666666666667,NC,North Carolina,425.25
31,2015,136.5,262.5,NC,North Carolina,399.0
31,2016,147.08333333333334,262.8333333333333,NC,North Carolina,409.91666666666663
31,2017,128.0,241.33333333333334,NC,North Carolina,369.33333333333337
31,2018,150.66666666666666,283.75,NC,North Carolina,434.41666666666663
31,2019,150.66666666666666,255.33333333333334,NC,North Carolina,406.0
31,2020,121.91666666666667,242.0,NC,North Carolina,363.9166666666667
32,2000,34.416666666666664,760.6666666666666,ND,North Dakota,795.0833333333333
32,2001,42.416666666666664,729.0833333333334,ND,North Dakota,771.5
32,2002,42.0,770.1666666666666,ND,North Dakota,812.1666666666666
32,2003,43.0,776.0,ND,North Dakota,819.0
32,2004,20.416666666666668,764.8333333333334,ND,North Dakota,785.25
32,2005,37.666666666666664,724.0,ND,North Dakota,761.6666666666666
32,2006,50.416666666666664,689.8333333333334,ND,North Dakota,740.25
32,2007,43.75,749.3333333333334,ND,North Dakota,793.0833333333334
32,2008,32.75,815.1666666666666,ND,North Dakota,847.9166666666666
32,2009,25.5,829.9166666666666,ND,North Dakota,855.4166666666666
32,2010,36.583333333333336,762.0833333333334,ND,North Dakota,798.6666666666667
32,2011,39.75,774.0,ND,North Dakota,813.75
32,2012,49.833333333333336,681.0,ND,North Dakota,730.8333333333334
32,2013,39.0,837.0833333333334,ND,North Dakota,876.0833333333334
32,2014,30.083333333333332,817.6666666666666,ND,North Dakota,847.75
32,2015,41.75,695.8333333333334,ND,North Dakota,737.5833333333334
32,2016,40.75,666.9166666666666,ND,North Dakota,707.6666666666666
32,2017,39.583333333333336,735.6666666666666,ND,North Dakota,775.25
32,2018,43.833333333333336,804.8333333333334,ND,North Dakota,848.6666666666667
32,2019,32.666666666666664,850.0833333333334,ND,North Dakota,882.75
32,2020,44.416666666666664,738.3333333333334,ND,North Dakota,782.75
33,2000,51.75,488.4166666666667,OH,Ohio,540.1666666666667
33,2001,59.083333333333336,444.75,OH,Ohio,503.8333333333333
33,2002,80.5,462.75,OH,Ohio,543.25
33,2003,51.25,503.6666666666667,OH,Ohio,554.9166666666667
33,2004,54.583333333333336,474.0833333333333,OH,Ohio,528.6666666666666
33,2005,81.0,487.3333333333333,OH,Ohio,568.3333333333333
33,2006,61.333333333333336,435.75,OH,Ohio,497.0833333333333
33,2007,75.25,462.5,OH,Ohio,537.75
33,2008,60.666666666666664,499.75,OH,Ohio,560.4166666666666
33,2009,49.083333333333336,492.25,OH,Ohio,541.3333333333334
33,2010,83.33333333333333,488.9166666666667,OH,Ohio,572.25
33,2011,75.33333333333333,463.25,OH,Ohio,538.5833333333334
33,2012,80.25,415.4166666666667,OH,Ohio,495.6666666666667
33,2013,59.833333333333336,491.9166666666667,OH,Ohio,551.75
33,2014,53.583333333333336,537.5,OH,Ohio,591.0833333333334
33,2015,66.0,472.8333333333333,OH,Ohio,538.8333333333333
33,2016,87.0,436.5,OH,Ohio,523.5
33,2017,61.083333333333336,422.6666666666667,OH,Ohio,483.75
33,2018,88.5,480.4166666666667,OH,Ohio,568.9166666666667
33,2019,78.75,464.25,OH,Ohio,543.0
33,2020,73.0,437.5,OH,Ohio,510.5
34,2000,170.0,308.5833333333333,OK,Oklahoma,478.5833333333333
34,2001,170.16666666666666,291.1666666666667,OK,Oklahoma,461.33333333333337
34,2002,150.08333333333334,312.3333333333333,OK,Oklahoma,462.41666666666663
34,2003,151.75,301.0833333333333,OK,Oklahoma,452.8333333333333
34,2004,138.58333333333334,278.5833333333333,OK,Oklahoma,417.16666666666663
34,2005,161.75,279.8333333333333,OK,Oklahoma,441.5833333333333
34,2006,179.58333333333334,251.5,OK,Oklahoma,431.08333333333337
34,2007,159.25,295.0833333333333,OK,Oklahoma,454.3333333333333
34,2008,147.0,306.25,OK,Oklahoma,453.25
34,2009,141.91666666666666,306.75,OK,Oklahoma,448.66666666666663
34,2010,181.33333333333334,314.75,OK,Oklahoma,496.08333333333337
34,2011,206.66666666666666,299.5833333333333,OK,Oklahoma,506.25
34,2012,195.0,239.0,OK,Oklahoma,434.0
34,2013,149.75,333.3333333333333,OK,Oklahoma,483.0833333333333
34,2014,151.16666666666666,329.0833333333333,OK,Oklahoma,480.25
34,2015,163.33333333333334,284.5,OK,Oklahoma,447.83333333333337
34,2016,181.25,253.25,OK,Oklahoma,434.5
34,2017,154.5,243.5,OK,Oklahoma,398.0
34,2018,178.25,318.9166666666667,OK,Oklahoma,497.1666666666667
34,2019,164.91666666666666,311.8333333333333,OK,Oklahoma,476.75
34,2020,148.66666666666666,272.0,OK,Oklahoma,420.66666666666663
35,2000,12.833333333333334,455.6666666666667,OR,Oregon,468.5
35,2001,15.166666666666666,447.0833333333333,OR,Oregon,462.25
35,2002,17.916666666666668,443.8333333333333,OR,Oregon,461.75
35,2003,25.666666666666668,417.75,OR,Oregon,443.4166666666667
35,2004,21.75,418.1666666666667,OR,Oregon,439.9166666666667
35,2005,18.5,438.4166666666667,OR,Oregon,456.9166666666667
35,2006,20.0,439.3333333333333,OR,Oregon,459.3333333333333
35,2007,16.416666666666668,457.8333333333333,OR,Oregon,474.25
35,2008,15.583333333333334,477.5,OR,Oregon,493.0833333333333
35,2009,22.25,463.9166666666667,OR,Oregon,486.1666666666667
35,2010,12.583333333333334,449.9166666666667,OR,Oregon,462.5
35,2011,14.166666666666666,488.0833333333333,OR,Oregon,502.25
35,2012,17.333333333333332,452.0833333333333,OR,Oregon,469.41666666666663
35,2013,21.416666666666668,451.5833333333333,OR,Oregon,473.0
35,2014,29.833333333333332,395.0,OR,Oregon,424.8333333333333
35,2015,30.916666666666668,374.5833333333333,OR,Oregon,405.5
35,2016,18.5,406.9166666666667,OR,Oregon,425.4166666666667
35,2017,29.166666666666668,447.5,OR,Oregon,476.6666666666667
35,2018,23.833333333333332,421.4166666666667,OR,Oregon,445.25
35,2019,17.75,452.1666666666667,OR,Oregon,469.9166666666667
35,2020,21.083333333333332,420.1666666666667,OR,Oregon,441.25
36,2000,40.583333333333336,492.4166666666667,PA,Pennsylvania,533.0
36,2001,51.916666666666664,459.0,PA,Pennsylvania,510.9166666666667
36,2002,68.08333333333333,460.9166666666667,PA,Pennsylvania,529.0
36,2003,49.833333333333336,512.5,PA,Pennsylvania,562.3333333333334
36,2004,52.5,479.9166666666667,PA,Pennsylvania,532.4166666666667
36,2005,74.16666666666667,489.4166666666667,PA,Pennsylvania,563.5833333333334
36,2006,58.333333333333336,432.5,PA,Pennsylvania,490.8333333333333
36,2007,61.583333333333336,471.75,PA,Pennsylvania,533.3333333333334
36,2008,54.25,483.3333333333333,PA,Pennsylvania,537.5833333333333
36,2009,44.333333333333336,488.6666666666667,PA,Pennsylvania,533.0
36,2010,75.41666666666667,468.75,PA,Pennsylvania,544.1666666666666
36,2011,71.16666666666667,454.8333333333333,PA,Pennsylvania,526.0
36,2012,69.16666666666667,417.5833333333333,PA,Pennsylvania,486.75
36,2013,56.0,486.0,PA,Pennsylvania,542.0
36,2014,48.25,524.1666666666666,PA,Pennsylvania,572.4166666666666
36,2015,65.83333333333333,475.4166666666667,PA,Pennsylvania,541.25
36,2016,76.16666666666667,447.9166666666667,PA,Pennsylvania,524.0833333333334
36,2017,55.583333333333336,437.75,PA,Pennsylvania,493.3333333333333
36,2018,74.41666666666667,480.0,PA,Pennsylvania,554.4166666666666
36,2019,68.08333333333333,465.8333333333333,PA,Pennsylvania,533.9166666666666
36,2020,70.33333333333333,432.1666666666667,PA,Pennsylvania,502.5
37,2000,29.666666666666668,500.25,RI,Rhode Island,529.9166666666666
37,2001,44.583333333333336,464.1666666666667,RI,Rhode Island,508.75
37,2002,48.75,466.9166666666667,RI,Rhode Island,515.6666666666667
37,2003,46.25,528.9166666666666,RI,Rhode Island,575.1666666666666
37,2004,35.416666666666664,509.4166666666667,RI,Rhode Island,544.8333333333334
37,2005,56.75,507.6666666666667,RI,Rhode Island,564.4166666666667
37,2006,46.916666666666664,443.3333333333333,RI,Rhode Island,490.25
37,2007,46.333333333333336,489.0833333333333,RI,Rhode Island,535.4166666666666
37,2008,47.75,477.9166666666667,RI,Rhode Island,525.6666666666667
37,2009,36.166666666666664,496.75,RI,Rhode Island,532.9166666666666
37,2010,59.5,452.8333333333333,RI,Rhode Island,512.3333333333333
37,2011,53.25,456.5833333333333,RI,Rhode Island,509.8333333333333
37,2012,51.666666666666664,417.0833333333333,RI,Rhode Island,468.75
37,2013,52.75,485.5833333333333,RI,Rhode Island,538.3333333333333
37,2014,41.0,501.75,RI,Rhode Island,542.75
37,2015,53.333333333333336,490.0,RI,Rhode Island,543.3333333333334
37,2016,60.083333333333336,446.1666666666667,RI,Rhode Island,506.25
37,2017,44.25,452.3333333333333,RI,Rhode Island,496.5833333333333
37,2018,63.416666666666664,469.9166666666667,RI,Rhode Island,533.3333333333334
37,2019,52.0,486.75,RI,Rhode Island,538.75
37,2020,63.0,432.0,RI,Rhode Island,495.0
38,2000,156.33333333333334,243.16666666666666,SC,South Carolina,399.5
38,2001,145.66666666666666,202.25,SC,South Carolina,347.91666666666663
38,2002,172.25,215.91666666666666,SC,South Carolina,388.16666666666663
38,2003,144.83333333333334,228.66666666666666,SC,South Carolina,373.5
38,2004,162.16666666666666,220.25,SC,South Carolina,382.41666666666663
38,2005,161.41666666666666,223.66666666666666,SC,South Carolina,385.0833333333333
38,2006,154.58333333333334,199.0,SC,South Carolina,353.58333333333337
38,2007,172.41666666666666,195.83333333333334,SC,South Carolina,368.25
38,2008,155.0,221.58333333333334,SC,South Carolina,376.58333333333337
38,2009,156.25,230.58333333333334,SC,South Carolina,386.83333333333337
38,2010,191.41666666666666,267.5833333333333,SC,South Carolina,459.0
38,2011,179.41666666666666,209.58333333333334,SC,South Carolina,389.0
38,2012,165.0,182.41666666666666,SC,South Carolina,347.41666666666663
38,2013,140.5,225.66666666666666,SC,South Carolina,366.16666666666663
38,2014,155.75,244.83333333333334,SC,South Carolina,400.58333333333337
38,2015,178.66666666666666,197.16666666666666,SC,South Carolina,375.8333333333333
38,2016,192.33333333333334,199.25,SC,South Carolina,391.58333333333337
38,2017,171.0,174.08333333333334,SC,South Carolina,345.08333333333337
38,2018,188.16666666666666,217.66666666666666,SC,South Carolina,405.8333333333333
38,2019,191.66666666666666,194.66666666666666,SC,South Carolina,386.3333333333333
38,2020,163.08333333333334,180.33333333333334,SC,South Carolina,343.4166666666667
39,2000,60.416666666666664,630.25,SD,South Dakota,690.6666666666666
39,2001,65.08333333333333,621.5,SD,South Dakota,686.5833333333334
39,2002,71.83333333333333,633.75,SD,South Dakota,705.5833333333334
39,2003,60.083333333333336,627.4166666666666,SD,South Dakota,687.5
39,2004,41.25,598.9166666666666,SD,South Dakota,640.1666666666666
39,2005,67.75,596.5,SD,South Dakota,664.25
39,2006,69.75,576.4166666666666,SD,South Dakota,646.1666666666666
39,2007,71.41666666666667,618.4166666666666,SD,South Dakota,689.8333333333333
39,2008,52.25,688.9166666666666,SD,South Dakota,741.1666666666666
39,2009,38.666666666666664,674.9166666666666,SD,South Dakota,713.5833333333333
39,2010,60.5,644.75,SD,South Dakota,705.25
39,2011,62.333333333333336,657.0833333333334,SD,South Dakota,719.4166666666667
39,2012,83.83333333333333,547.3333333333334,SD,South Dakota,631.1666666666667
39,2013,57.916666666666664,690.4166666666666,SD,South Dakota,748.3333333333333
39,2014,43.166666666666664,681.5,SD,South Dakota,724.6666666666666
39,2015,57.5,583.5,SD,South Dakota,641.0
39,2016,65.25,567.1666666666666,SD,South Dakota,632.4166666666666
39,2017,57.833333333333336,601.5,SD,South Dakota,659.3333333333334
39,2018,63.0,683.5,SD,South Dakota,746.5
39,2019,52.333333333333336,718.9166666666666,SD,South Dakota,771.25
39,2020,66.25,614.6666666666666,SD,South Dakota,680.9166666666666
40,2000,118.83333333333333,327.5833333333333,TN,Tennessee,446.41666666666663
40,2001,105.91666666666667,308.0,TN,Tennessee,413.9166666666667
40,2002,129.41666666666666,315.1666666666667,TN,Tennessee,444.58333333333337
40,2003,102.0,325.5,TN,Tennessee,427.5
40,2004,107.5,300.0,TN,Tennessee,407.5
40,2005,123.41666666666667,309.75,TN,Tennessee,433.1666666666667
40,2006,116.91666666666667,297.1666666666667,TN,Tennessee,414.08333333333337
40,2007,144.91666666666666,291.4166666666667,TN,Tennessee,436.33333333333337
40,2008,111.33333333333333,331.0,TN,Tennessee,442.3333333333333
40,2009,103.75,325.5833333333333,TN,Tennessee,429.3333333333333
40,2010,148.08333333333334,357.8333333333333,TN,Tennessee,505.91666666666663
40,2011,126.5,306.0833333333333,TN,Tennessee,432.5833333333333
40,2012,129.41666666666666,265.8333333333333,TN,Tennessee,395.25
40,2013,101.25,336.6666666666667,TN,Tennessee,437.9166666666667
40,2014,106.0,357.0,TN,Tennessee,463.0
40,2015,121.66666666666667,297.4166666666667,TN,Tennessee,419.08333333333337
40,2016,147.0,286.4166666666667,TN,Tennessee,433.4166666666667
40,2017,114.0,263.9166666666667,TN,Tennessee,377.9166666666667
40,2018,143.5,320.3333333333333,TN,Tennessee,463.8333333333333
40,2019,137.58333333333334,290.25,TN,Tennessee,427.83333333333337
40,2020,115.91666666666667,286.0,TN,Tennessee,401.9166666666667
41,2000,250.33333333333334,150.58333333333334,TX,Texas,400.9166666666667
41,2001,227.0,158.75,TX,Texas,385.75
41,2002,224.16666666666666,167.0,TX,Texas,391.16666666666663
41,2003,224.16666666666666,157.91666666666666,TX,Texas,382.0833333333333
41,2004,222.66666666666666,147.83333333333334,TX,Texas,370.5
41,2005,235.66666666666666,142.25,TX,Texas,377.91666666666663
41,2006,250.0,126.66666666666667,TX,Texas,376.6666666666667
41,2007,216.25,154.58333333333334,TX,Texas,370.83333333333337
41,2008,226.41666666666666,149.58333333333334,TX,Texas,376.0
41,2009,236.41666666666666,153.83333333333334,TX,Texas,390.25
41,2010,239.83333333333334,179.08333333333334,TX,Texas,418.9166666666667
41,2011,280.8333333333333,152.25,TX,Texas,433.0833333333333
41,2012,258.0,117.58333333333333,TX,Texas,375.5833333333333
41,2013,228.83333333333334,167.83333333333334,TX,Texas,396.6666666666667
41,2014,223.58333333333334,174.0,TX,Texas,397.58333333333337
41,2015,242.33333333333334,154.83333333333334,TX,Texas,397.1666666666667
41,2016,255.08333333333334,125.08333333333333,TX,Texas,380.1666666666667
41,2017,245.33333333333334,111.41666666666667,TX,Texas,356.75
41,2018,251.25,165.33333333333334,TX,Texas,416.58333333333337
41,2019,244.33333333333334,156.58333333333334,TX,Texas,400.9166666666667
41,2020,246.75,129.08333333333334,TX,Texas,375.83333333333337
42,2000,52.75,562.3333333333334,UT,Utah,615.0833333333334
42,2001,54.25,565.3333333333334,UT,Utah,619.5833333333334
42,2002,50.75,609.8333333333334,UT,Utah,660.5833333333334
42,2003,57.25,550.1666666666666,UT,Utah,607.4166666666666
42,2004,36.083333333333336,589.8333333333334,UT,Utah,625.9166666666667
42,2005,38.916666666666664,575.6666666666666,UT,Utah,614.5833333333333
42,2006,48.0,583.5,UT,Utah,631.5
42,2007,57.75,567.75,UT,Utah,625.5
42,2008,43.5,621.1666666666666,UT,Utah,664.6666666666666
42,2009,38.083333333333336,605.1666666666666,UT,Utah,643.25
42,2010,38.5,597.5833333333334,UT,Utah,636.0833333333334
42,2011,40.5,625.5833333333334,UT,Utah,666.0833333333334
42,2012,53.583333333333336,531.9166666666666,UT,Utah,585.5
42,2013,50.5,623.8333333333334,UT,Utah,674.3333333333334
42,2014,42.083333333333336,542.5,UT,Utah,584.5833333333334
42,2015,46.583333333333336,523.8333333333334,UT,Utah,570.4166666666667
42,2016,49.666666666666664,545.75,UT,Utah,595.4166666666666
42,2017,52.0,553.4166666666666,UT,Utah,605.4166666666666
42,2018,57.666666666666664,560.4166666666666,UT,Utah,618.0833333333333
42,2019,42.333333333333336,619.6666666666666,UT,Utah,662.0
42,2020,54.416666666666664,557.75,UT,Utah,612.1666666666666
43,2000,8.416666666666666,700.0,VT,Vermont,708.4166666666666
43,2001,18.25,648.5833333333334,VT,Vermont,666.8333333333334
43,2002,19.416666666666668,655.5833333333334,VT,Vermont,675.0
43,2003,19.583333333333332,719.25,VT,Vermont,738.8333333333334
43,2004,13.75,703.4166666666666,VT,Vermont,717.1666666666666
43,2005,29.833333333333332,673.25,VT,Vermont,703.0833333333334
43,2006,20.416666666666668,612.9166666666666,VT,Vermont,633.3333333333333
43,2007,14.666666666666666,691.25,VT,Vermont,705.9166666666666
43,2008,16.583333333333332,669.6666666666666,VT,Vermont,686.25
43,2009,12.833333333333334,690.3333333333334,VT,Vermont,703.1666666666667
43,2010,23.833333333333332,621.9166666666666,VT,Vermont,645.75
43,2011,23.75,637.9166666666666,VT,Vermont,661.6666666666666
43,2012,24.083333333333332,588.6666666666666,VT,Vermont,612.75
43,2013,21.583333333333332,669.1666666666666,VT,Vermont,690.75
43,2014,15.0,700.25,VT,Vermont,715.25
43,2015,21.916666666666668,682.5,VT,Vermont,704.4166666666666
43,2016,23.75,626.6666666666666,VT,Vermont,650.4166666666666
43,2017,13.5,643.6666666666666,VT,Vermont,657.1666666666666
43,2018,28.666666666666668,675.3333333333334,VT,Vermont,704.0
43,2019,19.416666666666668,705.9166666666666,VT,Vermont,725.3333333333333
43,2020,26.583333333333332,623.4166666666666,VT,Vermont,650.0
44,2000,79.0,374.3333333333333,VA,Virginia,453.3333333333333
44,2001,77.5,344.1666666666667,VA,Virginia,421.6666666666667
44,2002,103.08333333333333,344.8333333333333,VA,Virginia,447.91666666666663
44,2003,82.08333333333333,378.25,VA,Virginia,460.3333333333333
44,2004,90.66666666666667,355.8333333333333,VA,Virginia,446.5
44,2005,103.25,367.75,VA,Virginia,471.0
44,2006,90.66666666666667,328.5833333333333,VA,Virginia,419.25
44,2007,103.41666666666667,341.1666666666667,VA,Virginia,444.58333333333337
44,2008,88.58333333333333,355.75,VA,Virginia,444.3333333333333
44,2009,83.33333333333333,369.6666666666667,VA,Virginia,453.0
44,2010,123.0,378.25,VA,Virginia,501.25
44,2011,106.75,336.5,VA,Virginia,443.25
44,2012,102.25,313.4166666666667,VA,Virginia,415.6666666666667
44,2013,83.25,369.5,VA,Virginia,452.75
44,2014,82.83333333333333,392.4166666666667,VA,Virginia,475.25
44,2015,101.16666666666667,347.0,VA,Virginia,448.1666666666667
44,2016,111.33333333333333,338.75,VA,Virginia,450.0833333333333
44,2017,94.16666666666667,315.75,VA,Virginia,409.9166666666667
44,2018,117.0,360.1666666666667,VA,Virginia,477.1666666666667
44,2019,117.58333333333333,332.6666666666667,VA,Virginia,450.25
44,2020,100.33333333333333,313.5833333333333,VA,Virginia,413.91666666666663
45,2000,9.416666666666666,491.0833333333333,WA,Washington,500.5
45,2001,11.333333333333334,485.0,WA,Washington,496.3333333333333
45,2002,12.916666666666666,479.6666666666667,WA,Washington,492.58333333333337
45,2003,19.166666666666668,446.6666666666667,WA,Washington,465.83333333333337
45,2004,19.916666666666668,436.5,WA,Washington,456.4166666666667
45,2005,13.75,457.8333333333333,WA,Washington,471.5833333333333
45,2006,15.583333333333334,462.8333333333333,WA,Washington,478.41666666666663
45,2007,13.833333333333334,486.4166666666667,WA,Washington,500.25
45,2008,10.916666666666666,511.1666666666667,WA,Washington,522.0833333333334
45,2009,18.833333333333332,496.6666666666667,WA,Washington,515.5
45,2010,10.0,464.75,WA,Washington,474.75
45,2011,10.166666666666666,517.0,WA,Washington,527.1666666666666
45,2012,13.583333333333334,482.5,WA,Washington,496.0833333333333
45,2013,18.583333333333332,479.25,WA,Washington,497.8333333333333
45,2014,22.416666666666668,438.0,WA,Washington,460.4166666666667
45,2015,25.583333333333332,407.4166666666667,WA,Washington,433.0
45,2016,14.5,427.1666666666667,WA,Washington,441.6666666666667
45,2017,21.166666666666668,482.8333333333333,WA,Washington,504.0
45,2018,19.75,448.5,WA,Washington,468.25
45,2019,15.416666666666666,479.1666666666667,WA,Washington,494.58333333333337
45,2020,15.25,451.3333333333333,WA,Washington,466.5833333333333
46,2000,55.5,438.0,WV,West Virginia,493.5
46,2001,56.25,410.5,WV,West Virginia,466.75
46,2002,76.5,413.1666666666667,WV,West Virginia,489.6666666666667
46,2003,55.583333333333336,442.9166666666667,WV,West Virginia,498.5
46,2004,60.833333333333336,413.75,WV,West Virginia,474.5833333333333
46,2005,79.58333333333333,432.0,WV,West Virginia,511.5833333333333
46,2006,60.25,401.5833333333333,WV,West Virginia,461.8333333333333
46,2007,77.41666666666667,408.75,WV,West Virginia,486.1666666666667
46,2008,56.75,439.0833333333333,WV,West Virginia,495.8333333333333
46,2009,52.666666666666664,436.5,WV,West Virginia,489.1666666666667
46,2010,84.0,454.25,WV,West Virginia,538.25
46,2011,74.33333333333333,404.0833333333333,WV,West Virginia,478.41666666666663
46,2012,75.33333333333333,377.6666666666667,WV,West Virginia,453.0
46,2013,59.25,439.9166666666667,WV,West Virginia,499.1666666666667
46,2014,56.25,468.0,WV,West Virginia,524.25
46,2015,72.41666666666667,410.75,WV,West Virginia,483.1666666666667
46,2016,87.16666666666667,395.5833333333333,WV,West Virginia,482.75
46,2017,60.75,374.6666666666667,WV,West Virginia,435.4166666666667
46,2018,89.16666666666667,425.75,WV,West Virginia,514.9166666666666
46,2019,82.91666666666667,394.5,WV,West Virginia,477.4166666666667
46,2020,72.75,388.75,WV,West Virginia,461.5
47,2000,35.75,619.6666666666666,WI,Wisconsin,655.4166666666666
47,2001,45.5,586.0,WI,Wisconsin,631.5
47,2002,52.083333333333336,610.8333333333334,WI,Wisconsin,662.9166666666667
47,2003,39.166666666666664,645.6666666666666,WI,Wisconsin,684.8333333333333
47,2004,27.666666666666668,620.4166666666666,WI,Wisconsin,648.0833333333333
47,2005,56.5,609.9166666666666,WI,Wisconsin,666.4166666666666
47,2006,46.583333333333336,573.3333333333334,WI,Wisconsin,619.9166666666667
47,2007,49.25,608.4166666666666,WI,Wisconsin,657.6666666666666
47,2008,38.25,680.75,WI,Wisconsin,719.0
47,2009,26.75,657.5,WI,Wisconsin,684.25
47,2010,55.166666666666664,593.8333333333334,WI,Wisconsin,649.0
47,2011,48.833333333333336,626.9166666666666,WI,Wisconsin,675.75
47,2012,62.083333333333336,537.5833333333334,WI,Wisconsin,599.6666666666667
47,2013,38.666666666666664,682.4166666666666,WI,Wisconsin,721.0833333333333
47,2014,33.833333333333336,723.25,WI,Wisconsin,757.0833333333334
47,2015,39.083333333333336,601.1666666666666,WI,Wisconsin,640.25
47,2016,53.5,570.8333333333334,WI,Wisconsin,624.3333333333334
47,2017,38.833333333333336,591.3333333333334,WI,Wisconsin,630.1666666666667
47,2018,52.0,649.75,WI,Wisconsin,701.75
47,2019,43.0,668.75,WI,Wisconsin,711.75
47,2020,50.416666666666664,598.8333333333334,WI,Wisconsin,649.25
48,2000,29.333333333333332,683.3333333333334,WY,Wyoming,712.6666666666667
48,2001,32.333333333333336,665.6666666666666,WY,Wyoming,698.0
48,2002,28.166666666666668,715.6666666666666,WY,Wyoming,743.8333333333333
48,2003,31.75,668.4166666666666,WY,Wyoming,700.1666666666666
48,2004,12.5,669.4166666666666,WY,Wyoming,681.9166666666666
48,2005,22.0,663.6666666666666,WY,Wyoming,685.6666666666666
48,2006,31.75,664.9166666666666,WY,Wyoming,696.6666666666666
48,2007,34.083333333333336,666.25,WY,Wyoming,700.3333333333334
48,2008,19.666666666666668,728.6666666666666,WY,Wyoming,748.3333333333333
48,2009,12.583333333333334,719.1666666666666,WY,Wyoming,731.75
48,2010,18.833333333333332,689.25,WY,Wyoming,708.0833333333334
48,2011,26.25,720.4166666666666,WY,Wyoming,746.6666666666666
48,2012,37.25,618.0833333333334,WY,Wyoming,655.3333333333334
48,2013,29.0,709.6666666666666,WY,Wyoming,738.6666666666666
48,2014,17.166666666666668,687.0833333333334,WY,Wyoming,704.25
48,2015,23.75,631.9166666666666,WY,Wyoming,655.6666666666666
48,2016,25.916666666666668,639.8333333333334,WY,Wyoming,665.75
48,2017,24.333333333333332,657.9166666666666,WY,Wyoming,682.25
48,2018,23.333333333333332,681.4166666666666,WY,Wyoming,704.75
48,2019,20.5,742.1666666666666,WY,Wyoming,762.6666666666666
48,2020,29.5,672.4166666666666,WY,Wyoming,701.9166666666666
