Year,State,CO2_annual
1990,AK,16835236
1990,AL,211744252
1990,AR,93703208
1990,AZ,132444852
1990,CA,210622572
1990,CO,126068340
1990,CT,48413072
1990,DC,1638896
1990,DE,35539516
1990,FL,366220948
1990,GA,271410772
1990,HI,32254020
1990,IA,119816420
1990,ID,1956172
1990,IL,243046460
1990,IN,396314376
1990,KS,110068184
1990,KY,266764624
1990,LA,179931660
1990,MA,111263728
1990,MD,109398660
1990,ME,20818664
1990,MI,287020352
1990,MN,127668316
1990,MO,194820108
1990,MS,59106176
1990,MT,64516164
1990,NC,195999508
1990,ND,113953016
1990,NE,54230332
1990,NH,20346996
1990,NJ,54547248
1990,NM,113553720
1990,NV,66780760
1990,NY,276353020
1990,OH,442429364
1990,OK,146968216
1990,OR,8220620
1990,PA,437987204
1990,PR,0
1990,RI,2394248
1990,SC,94655208
1990,SD,11041692
1990,TN,213280496
1990,TX,852224672
1990,US-TOTAL,7814795768
1990,UT,116903752
1990,VA,115187024
1990,VT,163476
1990,WA,34174304
1990,WI,150160196
1990,WV,288666304
1990,WY,165168644
1991,AK,16283764
1991,AL,228164824
1991,AR,94793384
1991,AZ,133578288
1991,CA,200313036
1991,CO,123226624
1991,CT,47039200
1991,DC,931504
1991,DE,32720324
1991,FL,392073960
1991,GA,245493316
1991,HI,27552296
1991,IA,124322680
1991,ID,1752532
1991,IL,247520168
1991,IN,394288636
1991,KS,110614508
1991,KY,271201992
1991,LA,179945460
1991,MA,114694836
1991,MD,107938928
1991,ME,17906576
1991,MI,288095604
1991,MN,122605440
1991,MO,195781024
1991,MS,54062988
1991,MT,70015656
1991,NC,198496556
1991,ND,115925560
1991,NE,57797216
1991,NH,18575040
1991,NJ,57108696
1991,NM,97421964
1991,NV,71612280
1991,NY,259667896
1991,OH,452618092
1991,OK,158926032
1991,OR,15407188
1991,PA,435267508
1991,RI,5765508
1991,SC,96235936
1991,SD,11999048
1991,TN,201308216
1991,TX,849459932
1991,US-TOTAL,7801862828
1991,UT,111064028
1991,VA,123162664
1991,VT,254924
1991,WA,35069548
1991,WI,156136984
1991,WV,268620016
1991,WY,161044448
1992,AK,15779444
1992,AL,241780356
1992,AR,96657408
1992,AZ,143392772
1992,CA,231924596
1992,CO,127175944
1992,CT,39030492
1992,DC,464612
1992,DE,32029996
1992,FL,388194368
1992,GA,238780940
1992,HI,31341064
1992,IA,120681188
1992,ID,2607024
1992,IL,233759284
1992,IN,389096636
1992,KS,100042108
1992,KY,275446636
1992,LA,186971032
1992,MA,108506404
1992,MD,105046760
1992,ME,18930348
1992,MI,274435624
1992,MN,124804380
1992,MO,189935844
1992,MS,48139516
1992,MT,73799264
1992,NC,228659588
1992,ND,120532184
1992,NE,53255652
1992,NH,18037092
1992,NJ,62049284
1992,NM,109672076
1992,NV,74276456
1992,NY,240268916
1992,OH,460493528
1992,OK,160654492
1992,OR,19624680
1992,PA,433752568
1992,RI,9299832
1992,SC,92942980
1992,SD,11231252
1992,TN,211259040
1992,TX,845224704
1992,US-TOTAL,7889100436
1992,UT,119689176
1992,VA,129983468
1992,VT,183572
1992,WA,45224644
1992,WI,152014424
1992,WV,275604332
1992,WY,176412456
1993,AK,16169348
1993,AL,267332268
1993,AR,87015160
1993,AZ,150514984
1993,CA,217812828
1993,CO,129987208
1993,CT,34530780
1993,DC,901516
1993,DE,35734404
1993,FL,402284088
1993,GA,257369076
1993,HI,31081980
1993,IA,129392380
1993,ID,2823368
1993,IL,280175484
1993,IN,402323324
1993,KS,121331276
1993,KY,308289952
1993,LA,195761548
1993,MA,98793092
1993,MD,114534156
1993,ME,18814884
1993,MI,279099172
1993,MN,133330604
1993,MO,172771592
1993,MS,60295884
1993,MT,60567964
1993,NC,247701636
1993,ND,121785772
1993,NE,62796012
1993,NH,18665820
1993,NJ,64680632
1993,NM,111696888
1993,NV,72758316
1993,NY,214450632
1993,OH,475068148
1993,OK,168416000
1993,OR,18848804
1993,PA,448758668
1993,RI,8714044
1993,SC,105533728
1993,SD,11257964
1993,TN,244869500
1993,TX,908351468
1993,US-TOTAL,8228210400
1993,UT,122776168
1993,VA,148276572
1993,VT,87732
1993,WA,44570812
1993,WI,157618136
1993,WV,274169856
1993,WY,167318772
1994,AK,16443404
1994,AL,253180988
1994,AR,96591056
1994,AZ,156076320
1994,CA,248996564
1994,CO,135348100
1994,CT,34040704
1994,DC,1245604
1994,DE,34770272
1994,FL,416374500
1994,GA,268060636
1994,HI,31869392
1994,IA,130857472
1994,ID,2691524
1994,IL,290796180
1994,IN,416082864
1994,KS,121646164
1994,KY,301988344
1994,LA,198592256
1994,MA,99962984
1994,MD,118129080
1994,ME,19012984
1994,MI,300927056
1994,MN,134987956
1994,MO,202803420
1994,MS,61309484
1994,MT,71583228
1994,NC,226961604
1994,ND,121614972
1994,NE,60401484
1994,NH,18532896
1994,NJ,74975052
1994,NM,115719252
1994,NV,78630048
1994,NY,213615840
1994,OH,457437716
1994,OK,164494888
1994,OR,23762252
1994,PA,433078940
1994,RI,9275452
1994,SC,108502456
1994,SD,12369176
1994,TN,220916068
1994,TX,887644300
1994,US-TOTAL,8352553604
1994,UT,126418636
1994,VA,141072028
1994,VT,84184
1994,WA,50862852
1994,WI,166889352
1994,WV,297985064
1994,WY,176940556
1995,AK,16385272
1995,AL,274582636
1995,AR,103520968
1995,AZ,133355328
1995,CA,201091020
1995,CO,131580256
1995,CT,38939976
1995,DC,890872
1995,DE,32374024
1995,FL,423800836
1995,GA,286821244
1995,HI,33400452
1995,IA,139249980
1995,ID,2989500
1995,IL,294651604
1995,IN,423303760
1995,KS,116978284
1995,KY,311608532
1995,LA,205935748
1995,MA,95554620
1995,MD,114221764
1995,ME,19593728
1995,MI,300692620
1995,MN,135761424
1995,MO,226112988
1995,MS,66381880
1995,MT,67412352
1995,NC,239795396
1995,ND,118398188
1995,NE,68494812
1995,NH,18163072
1995,NJ,80590184
1995,NM,114413280
1995,NV,72312552
1995,NY,227914344
1995,OH,465559304
1995,OK,172697780
1995,OR,13242748
1995,PA,447139972
1995,RI,8713724
1995,SC,105659580
1995,SD,11817108
1995,TN,237306652
1995,TX,889262552
1995,US-TOTAL,8432024380
1995,UT,118720848
1995,VA,146293032
1995,VT,96736
1995,WA,38563760
1995,WI,174816532
1995,WV,298582236
1995,WY,166278320
1996,AK,16730768
1996,AL,298848272
1996,AR,113021348
1996,AZ,133582572
1996,CA,188523688
1996,CO,138301760
1996,CT,45211908
1996,DC,542840
1996,DE,31771976
1996,FL,444010984
1996,GA,283797808
1996,HI,34128416
1996,IA,139038024
1996,ID,2757268
1996,IL,326678812
1996,IN,436022856
1996,KS,133968200
1996,KY,320721400
1996,LA,190839120
1996,MA,93451128
1996,MD,116793132
1996,ME,17994912
1996,MI,310640392
1996,MN,138144824
1996,MO,236798388
1996,MS,73835904
1996,MT,56511924
1996,NC,270644684
1996,ND,123797668
1996,NE,68494848
1996,NH,17331064
1996,NJ,76466008
1996,NM,116686044
1996,NV,77865132
1996,NY,211696968
1996,OH,497318504
1996,OK,176872892
1996,OR,15395124
1996,PA,463192380
1996,RI,14645480
1996,SC,121610376
1996,SD,10642392
1996,TN,233987920
1996,TX,930984380
1996,US-TOTAL,8747918564
1996,UT,119787140
1996,VA,158471128
1996,VT,34164
1996,WA,48244276
1996,WI,184092672
1996,WV,317243352
1996,WY,169745344
1997,AK,18009344
1997,AL,291681240
1997,AR,106518808
1997,AZ,145359800
1997,CA,200505292
1997,CO,139247836
1997,CT,57983868
1997,DC,363280
1997,DE,27590216
1997,FL,461040620
1997,GA,299701076
1997,HI,33841468
1997,IA,143322436
1997,ID,3409244
1997,IL,344592828
1997,IN,454679004
1997,KS,124815840
1997,KY,332415992
1997,LA,207424096
1997,MA,115986048
1997,MD,116923680
1997,ME,18928168
1997,MI,309634608
1997,MN,140948356
1997,MO,250294852
1997,MS,79083008
1997,MT,65483784
1997,NC,284622836
1997,ND,118689792
1997,NE,73554532
1997,NH,21254428
1997,NJ,79916484
1997,NM,121456056
1997,NV,77362308
1997,NY,234480524
1997,OH,485553180
1997,OK,180848776
1997,OR,13538636
1997,PA,470174320
1997,RI,14312876
1997,SC,125849128
1997,SD,14240608
1997,TN,248328596
1997,TX,958042780
1997,US-TOTAL,9037286080
1997,UT,123831428
1997,VA,160164528
1997,VT,69488
1997,WA,40902644
1997,WI,198528136
1997,WV,333471736
1997,WY,168307468
1998,AK,17206984
1998,AL,301511928
1998,AR,113276632
1998,AZ,154788660
1998,CA,212758088
1998,CO,144747340
1998,CT,53345596
1998,DC,1051432
1998,DE,26604960
1998,FL,505029660
1998,GA,308809020
1998,HI,33451712
1998,IA,157714716
1998,ID,3738852
1998,IL,345544204
1998,IN,460672044
1998,KS,127376860
1998,KY,333005912
1998,LA,225989112
1998,MA,118725552
1998,MD,129411988
1998,ME,22359044
1998,MI,328538556
1998,MN,145233864
1998,MO,265274892
1998,MS,86094684
1998,MT,74842244
1998,NC,284451176
1998,ND,126660500
1998,NE,78686516
1998,NH,20783216
1998,NJ,75750616
1998,NM,123790896
1998,NV,85362792
1998,NY,250616716
1998,OH,501236516
1998,OK,183017616
1998,OR,27808736
1998,PA,481949688
1998,RI,14498468
1998,SC,132245488
1998,SD,13711160
1998,TN,243531452
1998,TX,996810364
1998,US-TOTAL,9406398068
1998,UT,127302952
1998,VA,170774544
1998,VT,224864
1998,WA,51013500
1998,WI,195531016
1998,WV,336783640
1998,WY,186751100
1999,AK,17534448
1999,AL,307005552
1999,AR,117964404
1999,AZ,163889052
1999,CA,231538792
1999,CO,145218328
1999,CT,48569880
1999,DC,1020460
1999,DE,24943676
1999,FL,490295308
1999,GA,316152124
1999,HI,33543400
1999,IA,159025872
1999,ID,3761636
1999,IL,350088032
1999,IN,471356212
1999,KS,135875664
1999,KY,343171496
1999,LA,226538020
1999,MA,106897712
1999,MD,133786940
1999,ME,27645544
1999,MI,325882044
1999,MN,139968340
1999,MO,262456128
1999,MS,89695432
1999,MT,75289560
1999,NC,281259888
1999,ND,127754460
1999,NE,75942704
1999,NH,20316068
1999,NJ,78963120
1999,NM,125952252
1999,NV,85357384
1999,NY,251143456
1999,OH,482961384
1999,OK,178511280
1999,OR,28237828
1999,PA,466673504
1999,RI,12706576
1999,SC,142702940
1999,SD,15408008
1999,TN,240638216
1999,TX,1019939836
1999,US-TOTAL,9465209184
1999,UT,130507940
1999,VA,176937036
1999,VT,174556
1999,WA,48815716
1999,WI,198320752
1999,WV,347126452
1999,WY,179743772
2000,AK,18231376
2000,AL,326059988
2000,AR,116254848
2000,AZ,183486320
2000,CA,271186464
2000,CO,160345824
2000,CT,50607844
2000,DC,684388
2000,DE,24318552
2000,FL,499846660
2000,GA,330346028
2000,HI,34716320
2000,IA,167535036
2000,ID,3310568
2000,IL,378972720
2000,IN,496269516
2000,KS,148602848
2000,KY,350344132
2000,LA,232366636
2000,MA,99264796
2000,MD,129903396
2000,ME,26414708
2000,MI,315427276
2000,MN,151441468
2000,MO,268268016
2000,MS,90125044
2000,MT,71582716
2000,NC,296665136
2000,ND,130455100
2000,NE,79235824
2000,NH,19622928
2000,NJ,87982264
2000,NM,130046924
2000,NV,99038832
2000,NY,247617292
2000,OH,504398804
2000,OK,187614272
2000,OR,33035844
2000,PA,496997904
2000,RI,11516940
2000,SC,154192500
2000,SD,15907300
2000,TN,260061144
2000,TX,1059264624
2000,US-TOTAL,9883337780
2000,UT,133015024
2000,VA,194242400
2000,VT,565664
2000,WA,62902164
2000,WI,206467768
2000,WV,341364020
2000,WY,185213620
2001,AK,18529128
2001,AL,315198876
2001,AR,113944684
2001,AZ,188036048
2001,CA,286652008
2001,CO,169461764
2001,CT,45649924
2001,DC,655244
2001,DE,24333856
2001,FL,494246216
2001,GA,306547792
2001,HI,35224684
2001,IA,166116952
2001,ID,4403828
2001,IL,372609056
2001,IN,474536768
2001,KS,143727388
2001,KY,354138352
2001,LA,219919432
2001,MA,99152464
2001,MD,123026348
2001,ME,35440016
2001,MI,311854524
2001,MN,146191760
2001,MO,280815508
2001,MS,126115140
2001,MT,74102940
2001,NC,285036708
2001,ND,128339628
2001,NE,85810996
2001,NH,18182220
2001,NJ,87756212
2001,NM,126947836
2001,NV,96555964
2001,NY,244013156
2001,OH,478779008
2001,OK,186723676
2001,OR,37514008
2001,PA,453234964
2001,RI,13784508
2001,SC,143831284
2001,SD,15846596
2001,TN,248198360
2001,TX,1022869444
2001,US-TOTAL,9674426892
2001,UT,131527556
2001,VA,188731312
2001,VT,174076
2001,WA,62728700
2001,WI,199215764
2001,WV,302705664
2001,WY,185288552
2002,AK,17816940
2002,AL,323750316
2002,AR,109476804
2002,AZ,184025336
2002,CA,240073864
2002,CO,166501336
2002,CT,41523956
2002,DC,1056464
2002,DE,24279568
2002,FL,501734316
2002,GA,330732464
2002,HI,37388028
2002,IA,166332828
2002,ID,3093416
2002,IL,388416860
2002,IN,467106592
2002,KS,156870148
2002,KY,352416704
2002,LA,221741972
2002,MA,101256200
2002,MD,126062488
2002,ME,40880296
2002,MI,300901192
2002,MN,151716004
2002,MO,283718368
2002,MS,94151384
2002,MT,67340368
2002,NC,293624424
2002,ND,129777464
2002,NE,83208032
2002,NH,18416508
2002,NJ,88610676
2002,NM,118512116
2002,NV,85136920
2002,NY,225044380
2002,OH,497727168
2002,OK,195493432
2002,OR,28846728
2002,PA,479959600
2002,RI,12393636
2002,SC,147828852
2002,SD,13809136
2002,TN,239212568
2002,TX,1033592352
2002,US-TOTAL,9695852360
2002,UT,135246252
2002,VA,188461768
2002,VT,60624
2002,WA,50816200
2002,WI,198414276
2002,WV,350185648
2002,WY,181109388
2003,AK,15942016
2003,AL,325141820
2003,AR,110669244
2003,AZ,189037616
2003,CA,225233640
2003,CO,164711520
2003,CT,38554280
2003,DC,331536
2003,DE,28263584
2003,FL,520041296
2003,GA,321021156
2003,HI,35000136
2003,IA,165256872
2003,ID,4455912
2003,IL,385691956
2003,IN,472234748
2003,KS,156511404
2003,KY,345891016
2003,LA,225759952
2003,MA,109759316
2003,MD,131871476
2003,ME,31061796
2003,MI,296769020
2003,MN,161254512
2003,MO,307808128
2003,MS,94550864
2003,MT,75919612
2003,NC,290853532
2003,ND,128132932
2003,NE,87015148
2003,NH,30687320
2003,NJ,81523068
2003,NM,126754328
2003,NV,93048524
2003,NY,229929828
2003,OH,516368448
2003,OK,196941048
2003,OR,35472268
2003,PA,481631400
2003,RI,9650288
2003,SC,148141780
2003,SD,14849132
2003,TN,225923784
2003,TX,1030723344
2003,US-TOTAL,9780377200
2003,UT,139092324
2003,VA,186369436
2003,VT,102860
2003,WA,61028148
2003,WI,196738508
2003,WV,346218192
2003,WY,184437132
2004,AK,19109972
2004,AL,325311372
2004,AR,115376112
2004,AZ,211599948
2004,CA,240678340
2004,CO,164721780
2004,CT,41624184
2004,DC,225892
2004,DE,26374676
2004,FL,524476912
2004,GA,331047132
2004,HI,36810276
2004,IA,167533192
2004,ID,5234940
2004,IL,411298640
2004,IN,483069976
2004,KS,153442572
2004,KY,352837788
2004,LA,235833764
2004,MA,105139900
2004,MD,129468628
2004,ME,29558684
2004,MI,314286208
2004,MN,155816120
2004,MO,312443144
2004,MS,102364320
2004,MT,78501112
2004,NC,293214408
2004,ND,122628828
2004,NE,85348948
2004,NH,32982120
2004,NJ,85953688
2004,NM,127144344
2004,NV,100834764
2004,NY,232403856
2004,OH,498975788
2004,OK,190550464
2004,OR,37009428
2004,PA,492047108
2004,RI,8471636
2004,SC,161679888
2004,SD,15787120
2004,TN,237232256
2004,TX,1037660408
2004,US-TOTAL,9947926232
2004,UT,142088700
2004,VA,189242800
2004,VT,87180
2004,WA,60738188
2004,WI,202532188
2004,WV,331993156
2004,WY,187133384
2005,AK,17455880
2005,AL,339409984
2005,AR,107098380
2005,AZ,208013524
2005,CA,219995200
2005,CO,165589032
2005,CT,46644780
2005,DC,943720
2005,DE,27513396
2005,FL,526173480
2005,GA,361525584
2005,HI,36529532
2005,IA,163474764
2005,ID,5380252
2005,IL,409516940
2005,IN,494649660
2005,KS,153085984
2005,KY,365434508
2005,LA,230640824
2005,MA,108250100
2005,MD,134774452
2005,ME,28448504
2005,MI,319425480
2005,MN,158062760
2005,MO,324651452
2005,MS,101491104
2005,MT,79498360
2005,NC,306991936
2005,ND,132554860
2005,NE,88257760
2005,NH,32961952
2005,NJ,85168440
2005,NM,133095520
2005,NV,104794824
2005,NY,244100688
2005,OH,533666180
2005,OK,208609668
2005,OR,36213276
2005,PA,512491224
2005,RI,10464044
2005,SC,165270276
2005,SD,13419052
2005,TN,242535632
2005,TX,1045328616
2005,US-TOTAL,10175352652
2005,UT,145296064
2005,VA,192864448
2005,VT,54852
2005,WA,60459412
2005,WI,219207040
2005,WV,343055876
2005,WY,184813376
2006,AK,18506856
2006,AL,344613900
2006,AR,115725020
2006,AZ,216046976
2006,CA,238928332
2006,CO,169705752
2006,CT,44674012
2006,DC,400344
2006,DE,23796888
2006,FL,510729584
2006,GA,364080260
2006,HI,36550968
2006,IA,164981104
2006,ID,3526516
2006,IL,404297696
2006,IN,494106632
2006,KS,144935912
2006,KY,376950128
2006,LA,218601888
2006,MA,95643592
2006,MD,123344308
2006,ME,22709136
2006,MI,306870128
2006,MN,152732328
2006,MO,321686972
2006,MS,104140336
2006,MT,77615088
2006,NC,295855240
2006,ND,126214664
2006,NE,87568752
2006,NH,28518780
2006,NJ,80145128
2006,NM,134338608
2006,NV,67001672
2006,NY,205711544
2006,OH,522272784
2006,OK,211729444
2006,OR,28608860
2006,PA,509065228
2006,RI,10104452
2006,SC,165183508
2006,SD,14337004
2006,TN,248600556
2006,TX,1040855608
2006,US-TOTAL,9955671004
2006,UT,147413268
2006,VA,170092248
2006,VT,41064
2006,WA,41971488
2006,WI,195988632
2006,WV,344217200
2006,WY,183934616
2007,AK,17372136
2007,AL,353588972
2007,AR,121265580
2007,AZ,225821496
2007,CA,252559316
2007,CO,174285196
2007,CT,41853640
2007,DC,344104
2007,DE,29196264
2007,FL,515287416
2007,GA,385745592
2007,HI,36105244
2007,IA,178314808
2007,ID,5136476
2007,IL,425196064
2007,IN,493152256
2007,KS,158309656
2007,KY,373458652
2007,LA,219345204
2007,MA,103038316
2007,MD,126045400
2007,ME,22430920
2007,MI,320912108
2007,MN,153282568
2007,MO,313638988
2007,MS,112018088
2007,MT,81386276
2007,NC,317666196
2007,ND,129123512
2007,NE,83980616
2007,NH,27647588
2007,NJ,83085528
2007,NM,127819868
2007,NV,67635804
2007,NY,214997180
2007,OH,527881484
2007,OK,208275736
2007,OR,42651532
2007,PA,517187076
2007,RI,11845292
2007,SC,170282032
2007,SD,12274768
2007,TN,246400096
2007,TX,1031077960
2007,US-TOTAL,10188129944
2007,UT,155623440
2007,VA,188873400
2007,VT,40296
2007,WA,51308692
2007,WI,198365556
2007,WV,349069812
2007,WY,185925744
2008,AK,17504264
2008,AL,332537828
2008,AR,122613176
2008,AZ,235560108
2008,CA,250194272
2008,CO,166637888
2008,CT,37802976
2008,DC,279424
2008,DE,26387812
2008,FL,484209888
2008,GA,358999340
2008,HI,36191484
2008,IA,184549488
2008,ID,4066668
2008,IL,425721216
2008,IN,498641072
2008,KS,149258852
2008,KY,376113096
2008,LA,218943488
2008,MA,89052688
2008,MD,116621064
2008,ME,21254160
2008,MI,309870372
2008,MN,147285628
2008,MO,310598700
2008,MS,103681172
2008,MT,81420840
2008,NC,301375168
2008,ND,131548104
2008,NE,89838060
2008,NH,27129200
2008,NJ,80388440
2008,NM,123595164
2008,NV,72574496
2008,NY,188626804
2008,OH,516243280
2008,OK,213598940
2008,OR,43282096
2008,PA,495988424
2008,RI,11950084
2008,SC,170171056
2008,SD,16153324
2008,TN,234685672
2008,TX,1010840896
2008,US-TOTAL,9936048444
2008,UT,157522396
2008,VA,165606980
2008,VT,28392
2008,WA,54744608
2008,WI,198370720
2008,WV,338440720
2008,WY,187348456
2009,AK,16961420
2009,AL,276954704
2009,AR,121709200
2009,AZ,214094552
2009,CA,237710596
2009,CO,155954832
2009,CT,32184352
2009,DC,143008
2009,DE,16573000
2009,FL,459414788
2009,GA,308089080
2009,HI,34645512
2009,IA,171911572
2009,ID,4096732
2009,IL,395899132
2009,IN,444451964
2009,KS,144828264
2009,KY,344620460
2009,LA,212903896
2009,MA,78733300
2009,MD,102636172
2009,ME,18857076
2009,MI,294354644
2009,MN,134755736
2009,MO,298862900
2009,MS,93922412
2009,MT,70192636
2009,NC,259380192
2009,ND,130433792
2009,NE,95597884
2009,NH,22028240
2009,NJ,64342228
2009,NM,134009112
2009,NV,73178056
2009,NY,152520352
2009,OH,460263276
2009,OK,207944132
2009,OR,37624156
2009,PA,466484376
2009,RI,12724084
2009,SC,152485660
2009,SD,14042372
2009,TN,173831312
2009,TX,971457636
2009,US-TOTAL,9078030512
2009,UT,146070016
2009,VA,144642216
2009,VT,26332
2009,WA,54103200
2009,WI,176933040
2009,WV,263711044
2009,WY,178735864
2010,AK,16500208
2010,AL,317499052
2010,AR,136073268
2010,AZ,222733592
2010,CA,221623328
2010,CO,161995056
2010,CT,36805456
2010,DC,762968
2010,DE,16749216
2010,FL,495244912
2010,GA,330367652
2010,HI,33146664
2010,IA,188845280
2010,ID,4852856
2010,IL,412511336
2010,IN,465130024
2010,KS,145283728
2010,KY,372638280
2010,LA,234824344
2010,MA,81164040
2010,MD,105477544
2010,ME,19792612
2010,MI,297918976
2010,MN,131784428
2010,MO,315258664
2010,MS,107381224
2010,MT,81478116
2010,NC,292963312
2010,ND,124255596
2010,NE,97842984
2010,NH,22205944
2010,NJ,76640544
2010,NM,117514812
2010,NV,68081632
2010,NY,166335032
2010,OH,487855360
2010,OK,198142232
2010,OR,40375960
2010,PA,491318444
2010,RI,12868284
2010,SC,165456088
2010,SD,14444720
2010,TN,192784268
2010,TX,1005636752
2010,US-TOTAL,9554383660
2010,UT,142077068
2010,VA,158876324
2010,VT,32064
2010,WA,55934440
2010,WI,188953772
2010,WV,297133400
2010,WY,182811804
2011,AK,17386800
2011,AL,305653904
2011,AR,143703788
2011,AZ,214142968
2011,CA,191631476
2011,CO,158037736
2011,CT,32784092
2011,DC,700304
2011,DE,15713120
2011,FL,457764944
2011,GA,285473396
2011,HI,32400076
2011,IA,175515492
2011,ID,3299220
2011,IL,402924960
2011,IN,438432236
2011,KS,140476968
2011,KY,370774360
2011,LA,250721732
2011,MA,65617920
2011,MD,94501628
2011,ME,17404592
2011,MI,277205684
2011,MN,130472796
2011,MO,325711284
2011,MS,93303916
2011,MT,68114184
2011,NC,251189656
2011,ND,119419984
2011,NE,109003548
2011,NH,20507896
2011,NJ,67667416
2011,NM,124656760
2011,NV,58993108
2011,NY,149023500
2011,OH,449278708
2011,OK,205455752
2011,OR,26885564
2011,PA,469721056
2011,RI,14380184
2011,SC,154880520
2011,SD,11645600
2011,TN,181888348
2011,TX,1069856368
2011,US-TOTAL,9148282920
2011,UT,135770188
2011,VA,130546920
2011,VT,96016
2011,WA,32915604
2011,WI,185028512
2011,WV,288812440
2011,WY,180789696
2012,AK,17219044
2012,AL,276426600
2012,AR,144935616
2012,AZ,209398556
2012,CA,237476048
2012,CO,159703108
2012,CT,35948356
2012,DC,264460
2012,DE,19924208
2012,FL,444945972
2012,GA,236140248
2012,HI,30499176
2012,IA,165067940
2012,ID,4687740
2012,IL,377642996
2012,IN,399092408
2012,KS,126771376
2012,KY,342731088
2012,LA,240728576
2012,MA,57385556
2012,MD,82786624
2012,ME,14889740
2012,MI,271506380
2012,MN,113975264
2012,MO,302178744
2012,MS,97139360
2012,MT,64096384
2012,NC,231695308
2012,ND,123736196
2012,NE,105869944
2012,NH,17178232
2012,NJ,64481324
2012,NM,116650204
2012,NV,59716772
2012,NY,142674992
2012,OH,382091616
2012,OK,196745688
2012,OR,29460756
2012,PA,439986788
2012,RI,13613608
2012,SC,136950220
2012,SD,13075596
2012,TN,166963828
2012,TX,1014757084
2012,US-TOTAL,8627499108
2012,UT,129936112
2012,VA,116892756
2012,VT,49168
2012,WA,27959904
2012,WI,164785712
2012,WV,268812296
2012,WY,189853436
2013,AK,15072948
2013,AL,267944108
2013,AR,149382320
2013,AZ,221368536
2013,CA,229293388
2013,CO,157549268
2013,CT,34905548
2013,DC,194904
2013,DE,18886976
2013,FL,433722740
2013,GA,227248572
2013,HI,29712748
2013,IA,156699292
2013,ID,7767012
2013,IL,391248432
2013,IN,395580724
2013,KS,132501404
2013,KY,341215496
2013,LA,233094852
2013,MA,58940112
2013,MD,75798944
2013,ME,14701624
2013,MI,268770612
2013,MN,117021528
2013,MO,313377836
2013,MS,90533584
2013,MT,67802732
2013,NC,227758064
2013,ND,121096140
2013,NE,112171608
2013,NH,13789816
2013,NJ,63155384
2013,NM,114138816
2013,NV,62761820
2013,NY,133825588
2013,OH,409862800
2013,OK,185071300
2013,OR,37999180
2013,PA,434916188
2013,RI,11351200
2013,SC,115237696
2013,SD,12911088
2013,TN,152470992
2013,TX,1029858376
2013,US-TOTAL,8689419860
2013,UT,142794828
2013,VA,138745816
2013,VT,58528
2013,WA,50170204
2013,WI,190744304
2013,WV,275447424
2013,WY,202746460
2014,AK,14230604
2014,AL,270538148
2014,AR,149154400
2014,AZ,214736320
2014,CA,230026260
2014,CO,153894444
2014,CT,33809384
2014,DC,193584
2014,DE,17105660
2014,FL,452582768
2014,GA,250063812
2014,HI,29791996
2014,IA,157248336
2014,ID,5966212
2014,IL,386496232
2014,IN,418542396
2014,KS,127174160
2014,KY,343180156
2014,LA,228546036
2014,MA,51668436
2014,MD,82804700
2014,ME,13611640
2014,MI,257055180
2014,MN,130709964
2014,MO,302940376
2014,MS,96149392
2014,MT,70710564
2014,NC,234312132
2014,ND,121678768
2014,NE,105392128
2014,NH,13831364
2014,NJ,73454340
2014,NM,98849844
2014,NV,64886832
2014,NY,136288372
2014,OH,394601336
2014,OK,176250420
2014,OR,33478988
2014,PA,408086732
2014,RI,10263848
2014,SC,132331028
2014,SD,12373664
2014,TN,165620872
2014,TX,1017950552
2014,US-TOTAL,8673137100
2014,UT,140817948
2014,VA,134935216
2014,VT,55140
2014,WA,49937328
2014,WI,175039620
2014,WV,294422436
2014,WY,189347032
2015,AK,14705828
2015,AL,257767168
2015,AR,114348776
2015,AZ,200804648
2015,CA,221925124
2015,CO,149653200
2015,CT,36196028
2015,DC,142404
2015,DE,16363964
2015,FL,447452640
2015,GA,237095920
2015,HI,29424196
2015,IA,140171612
2015,ID,7462840
2015,IL,337099380
2015,IN,356180628
2015,KS,109364176
2015,KY,305709188
2015,LA,225195728
2015,MA,53686836
2015,MD,73256420
2015,ME,11823100
2015,MI,268477108
2015,MN,121228404
2015,MO,271981336
2015,MS,100682732
2015,MT,72542020
2015,NC,215296560
2015,ND,124982052
2015,NE,101303132
2015,NH,14613728
2015,NJ,77708804
2015,NM,99399320
2015,NV,59008056
2015,NY,130922900
2015,OH,334889596
2015,OK,166504200
2015,OR,35946400
2015,PA,363890448
2015,RI,11494544
2015,SC,119395996
2015,SD,7765008
2015,TN,151908132
2015,TX,973544424
2015,US-TOTAL,8125809052
2015,UT,134752784
2015,VA,139591904
2015,VT,44336
2015,WA,46344972
2015,WI,180778800
2015,WV,265079380
2015,WY,189902172
2016,AK,13865236
2016,AL,231104936
2016,AR,126903464
2016,AZ,178123052
2016,CA,188030560
2016,CO,144298664
2016,CT,34314560
2016,DC,190216
2016,DE,17453692
2016,FL,441552712
2016,GA,240622188
2016,HI,29027600
2016,IA,120862160
2016,ID,7315624
2016,IL,288902300
2016,IN,341570480
2016,KS,103048616
2016,KY,289730712
2016,LA,212647640
2016,MA,50887300
2016,MD,74311864
2016,ME,10229324
2016,MI,234575252
2016,MN,118575488
2016,MO,250923820
2016,MS,105089012
2016,MT,65879876
2016,NC,209969196
2016,ND,119631448
2016,NE,92054844
2016,NH,10105444
2016,NJ,84432064
2016,NM,92773104
2016,NV,58167252
2016,NY,125180764
2016,OH,326473632
2016,OK,148422488
2016,OR,32827428
2016,PA,340165212
2016,RI,10680116
2016,SC,112004180
2016,SD,10703632
2016,TN,159707900
2016,TX,945828440
2016,US-TOTAL,7713603648
2016,UT,112979880
2016,VA,146264608
2016,VT,46104
2016,WA,40915768
2016,WI,163655548
2016,WV,273891728
2016,WY,176686520
2017,AK,14126064
2017,AL,212768380
2017,AR,133287168
2017,AZ,174957020
2017,CA,177732004
2017,CO,142878564
2017,CT,31496792
2017,DC,147900
2017,DE,14520728
2017,FL,429753784
2017,GA,219244220
2017,HI,28497388
2017,IA,122645840
2017,ID,7084368
2017,IL,282679316
2017,IN,327717868
2017,KS,88948692
2017,KY,253006876
2017,LA,199842484
2017,MA,49535656
2017,MD,53516432
2017,ME,8390524
2017,MI,233655608
2017,MN,113377940
2017,MO,274579264
2017,MS,96604944
2017,MT,63645344
2017,NC,194818988
2017,ND,120170196
2017,NE,89161852
2017,NH,7905016
2017,NJ,72542744
2017,NM,91998836
2017,NV,52668788
2017,NY,102334228
2017,OH,319669776
2017,OK,129320280
2017,OR,31963616
2017,PA,317008912
2017,RI,11923696
2017,SC,101449004
2017,SD,10009988
2017,TN,143169296
2017,TX,959964776
2017,US-TOTAL,7398999204
2017,UT,110790548
2017,VA,124778648
2017,VT,61372
2017,WA,44030952
2017,WI,171574972
2017,WV,259951536
2017,WY,177090016
2018,AK,13558204
2018,AL,224559060
2018,AR,153397812
2018,AZ,187026696
2018,CA,174596768
2018,CO,138851564
2018,CT,38365936
2018,DC,171312
2018,DE,12772692
2018,FL,420835868
2018,GA,219213468
2018,HI,28788900
2018,IA,137011516
2018,ID,7065928
2018,IL,289043112
2018,IN,366214112
2018,KS,94990552
2018,KY,265068984
2018,LA,203081140
2018,MA,39903644
2018,MD,71357248
2018,ME,8806432
2018,MI,245741200
2018,MN,119220500
2018,MO,262493168
2018,MS,104627988
2018,MT,62454152
2018,NC,198569648
2018,ND,125127352
2018,NE,102098604
2018,NH,8762252
2018,NJ,75646992
2018,NM,73768052
2018,NV,56018972
2018,NY,111745556
2018,OH,312204576
2018,OK,139888420
2018,OR,35198040
2018,PA,308122892
2018,RI,13391436
2018,SC,115496664
2018,SD,11682072
2018,TN,117211632
2018,TX,920305228
2018,US-TOTAL,7489318096
2018,UT,114176132
2018,VA,134015796
2018,VT,39904
2018,WA,42643396
2018,WI,167116888
2018,WV,240813852
2018,WY,176055784
2019,AK,13881760
2019,AL,203366028
2019,AR,130056376
2019,AZ,174248032
2019,CA,163495584
2019,CO,135646612
2019,CT,38066040
2019,DC,440992
2019,DE,10598924
2019,FL,395779404
2019,GA,204296452
2019,HI,29348176
2019,IA,116192872
2019,ID,9171256
2019,IL,252142404
2019,IN,311374368
2019,KS,83537136
2019,KY,235219732
2019,LA,192462788
2019,MA,34077732
2019,MD,52436104
2019,ME,7292496
2019,MI,228926308
2019,MN,100402792
2019,MO,230062080
2019,MS,100073368
2019,MT,65390268
2019,NC,189488744
2019,ND,114673504
2019,NE,94640468
2019,NH,7808148
2019,NJ,75474364
2019,NM,81542476
2019,NV,55685488
2019,NY,99227304
2019,OH,272452836
2019,OK,115387488
2019,OR,44114400
2019,PA,309426608
2019,RI,11982648
2019,SC,100439888
2019,SD,13155808
2019,TN,109310968
2019,TX,870223720
2019,US-TOTAL,6899490744
2019,UT,113264944
2019,VA,119860480
2019,VT,26932
2019,WA,58511168
2019,WI,140716700
2019,WV,227293016
2019,WY,156796560
2020,AK,13835448
2020,AL,179209432
2020,AR,93876688
2020,AZ,142855848
2020,CA,173772572
2020,CO,116284348
2020,CT,40742364
2020,DC,430404
2020,DE,10666772
2020,FL,386865712
2020,GA,159459320
2020,HI,25673004
2020,IA,84541092
2020,ID,8884064
2020,IL,190046392
2020,IN,259403028
2020,KS,81382876
2020,KY,198999484
2020,LA,177667020
2020,MA,31829956
2020,MD,40874444
2020,ME,7297384
2020,MI,212730412
2020,MN,83825644
2020,MO,216530984
2020,MS,106973284
2020,MT,41661728
2020,NC,153844972
2020,ND,109659952
2020,NE,83798852
2020,NH,6910584
2020,NJ,59608204
2020,NM,74623988
2020,NV,53922296
2020,NY,107085144
2020,OH,268897880
2020,OK,105521176
2020,OR,37485272
2020,PA,289135096
2020,RI,13426908
2020,SC,92322064
2020,SD,9447228
2020,TN,91126900
2020,TX,809774736
2020,US-TOTAL,6214343272
2020,UT,105188636
2020,VA,127227316
2020,VT,32836
2020,WA,47996332
2020,WI,132692888
2020,WV,198070300
2020,WY,150224008
2021,AK,14227808
2021,AL,198439776
2021,AR,118343172
2021,AZ,137099316
2021,CA,180298988
2021,CO,124513864
2021,CT,43758484
2021,DC,449164
2021,DE,9857124
2021,FL,385297444
2021,GA,174265288
2021,HI,25714884
2021,IA,115691940
2021,ID,10292844
2021,IL,228667028
2021,IN,281737784
2021,KS,91163748
2021,KY,224626452
2021,LA,183667656
2021,MA,33551672
2021,MD,48161976
2021,ME,9141308
2021,MI,220179124
2021,MN,92705176
2021,MO,238613360
2021,MS,102510600
2021,MT,51106560
2021,NC,164977180
2021,ND,110358784
2021,NE,85018376
2021,NH,9042348
2021,NJ,59144728
2021,NM,68814772
2021,NV,55596076
2021,NY,113418832
2021,OH,275926596
2021,OK,111247756
2021,OR,34839148
2021,PA,319803856
2021,RI,14232028
2021,SC,100770948
2021,SD,10074496
2021,TN,108429712
2021,TX,824699632
2021,US-TOTAL,6607645224
2021,UT,118838972
2021,VA,110301904
2021,VT,43144
2021,WA,44193708
2021,WI,145632040
2021,WV,231354028
2021,WY,146803620
2022,AK,14366012
2022,AL,209008264
2022,AR,125210396
2022,AZ,131791856
2022,CA,177793196
2022,CO,118956588
2022,CT,43028072
2022,DC,254520
2022,DE,10729748
2022,FL,390460924
2022,GA,175087640
2022,HI,25706484
2022,IA,104650336
2022,ID,9149384
2022,IL,215183636
2022,IN,281958852
2022,KS,95523856
2022,KY,220047064
2022,LA,193064328
2022,MA,36393724
2022,MD,44961392
2022,ME,11166820
2022,MI,234039508
2022,MN,89306232
2022,MO,228587836
2022,MS,109231988
2022,MT,54622796
2022,NC,165019652
2022,ND,115253824
2022,NE,88694136
2022,NH,10172580
2022,NJ,63565576
2022,NM,72449632
2022,NV,54037476
2022,NY,123152916
2022,OH,286840640
2022,OK,106426728
2022,OR,31494376
2022,PA,310219304
2022,RI,11795748
2022,SC,99426780
2022,SD,11301040
2022,TN,106343840
2022,TX,854483668
2022,US-TOTAL,6601466052
2022,UT,105046088
2022,VA,104371108
2022,VT,51004
2022,WA,43146568
2022,WI,131911388
2022,WV,201503684
2022,WY,154476844
