State,Year,e_price
NEW,2001,10.86
CT,2001,9.62
ME,2001,10.55
MA,2001,11.55
NH,2001,10.95
RI,2001,11.45
VT,2001,10.86
MAT,2001,9.74
NJ,2001,9.36
NY,2001,11.55
PA,2001,8.01
ENC,2001,6.46
IL,2001,6.9
IN,2001,5.3
MI,2001,6.97
OH,2001,6.62
WI,2001,6.08
WNC,2001,5.99
IA,2001,6.14
KS,2001,6.24
MN,2001,5.97
MO,2001,6.03
NE,2001,5.39
ND,2001,5.48
SD,2001,6.35
SAT,2001,6.68
DE,2001,6.8
DC,2001,7.4
FL,2001,7.67
GA,2001,6.39
MD,2001,6.6
NC,2001,6.58
SC,2001,5.77
VA,2001,6.18
WV,2001,5.07
ESC,2001,5.33
AL,2001,5.6
KY,2001,4.24
MS,2001,6.26
TN,2001,5.59
WSC,2001,7.07
AR,2001,6.05
LA,2001,6.96
OK,2001,6.1
TX,2001,7.38
MTN,2001,6.44
AZ,2001,7.27
CO,2001,6.02
ID,2001,4.92
MT,2001,6.48
NV,2001,7.86
NM,2001,7.16
UT,2001,5.21
WY,2001,4.46
PCC,2001,9.26
CA,2001,11.22
OR,2001,5.44
WA,2001,5.34
PCN,2001,12.79
AK,2001,10.54
HI,2001,14.05
AT,2001,8.21
NEW,2002,10.03
CT,2002,9.71
ME,2002,10.35
MA,2002,10.06
NH,2002,10.6
RI,2002,9.2
VT,2002,10.87
MAT,2002,9.58
NJ,2002,9.3
NY,2002,11.16
PA,2002,8.06
ENC,2002,6.56
IL,2002,6.94
IN,2002,5.34
MI,2002,7.09
OH,2002,6.77
WI,2002,6.28
WNC,2002,5.96
IA,2002,6.01
KS,2002,6.31
MN,2002,5.8
MO,2002,6.09
NE,2002,5.55
ND,2002,5.45
SD,2002,6.26
SAT,2002,6.56
DE,2002,6.91
DC,2002,7.34
FL,2002,7.31
GA,2002,6.24
MD,2002,6.18
NC,2002,6.74
SC,2002,5.83
VA,2002,6.23
WV,2002,5.11
ESC,2002,5.39
AL,2002,5.71
KY,2002,4.26
MS,2002,6.24
TN,2002,5.72
WSC,2002,6.33
AR,2002,5.61
LA,2002,5.99
OK,2002,5.59
TX,2002,6.62
MTN,2002,6.52
AZ,2002,7.21
CO,2002,6.0
ID,2002,5.58
MT,2002,5.7
NV,2002,8.42
NM,2002,6.73
UT,2002,5.39
WY,2002,4.68
PCC,2002,10.11
CA,2002,12.19
OR,2002,6.32
WA,2002,5.88
PCN,2002,12.35
AK,2002,10.46
HI,2002,13.39
AT,2002,8.07
NEW,2003,10.42
CT,2003,10.16
ME,2003,9.79
MA,2003,10.56
NH,2003,10.83
RI,2003,10.47
VT,2003,10.98
MAT,2003,10.09
NJ,2003,9.48
NY,2003,12.44
PA,2003,8.02
ENC,2003,6.53
IL,2003,6.86
IN,2003,5.37
MI,2003,6.85
OH,2003,6.73
WI,2003,6.64
WNC,2003,6.03
IA,2003,6.11
KS,2003,6.35
MN,2003,6.01
MO,2003,6.02
NE,2003,5.64
ND,2003,5.47
SD,2003,6.35
SAT,2003,6.77
DE,2003,6.96
DC,2003,7.4
FL,2003,7.72
GA,2003,6.32
MD,2003,6.45
NC,2003,6.86
SC,2003,6.08
VA,2003,6.27
WV,2003,5.13
ESC,2003,5.55
AL,2003,5.88
KY,2003,4.42
MS,2003,6.46
TN,2003,5.84
WSC,2003,7.13
AR,2003,5.57
LA,2003,6.93
OK,2003,6.35
TX,2003,7.5
MTN,2003,6.71
AZ,2003,7.34
CO,2003,6.77
ID,2003,5.22
MT,2003,6.14
NV,2003,8.29
NM,2003,7.0
UT,2003,5.41
WY,2003,4.76
PCC,2003,9.83
CA,2003,11.78
OR,2003,6.18
WA,2003,5.86
PCN,2003,13.09
AK,2003,10.5
HI,2003,14.47
AT,2003,8.43
NEW,2004,10.61
CT,2004,10.26
ME,2004,9.69
MA,2004,10.77
NH,2004,11.37
RI,2004,10.96
VT,2004,11.02
MAT,2004,10.29
NJ,2004,10.29
NY,2004,12.55
PA,2004,8.0
ENC,2004,6.64
IL,2004,6.8
IN,2004,5.58
MI,2004,6.94
OH,2004,6.89
WI,2004,6.88
WNC,2004,6.17
IA,2004,6.4
KS,2004,6.37
MN,2004,6.24
MO,2004,6.07
NE,2004,5.7
ND,2004,5.69
SD,2004,6.44
SAT,2004,7.05
DE,2004,7.53
DC,2004,7.47
FL,2004,8.16
GA,2004,6.58
MD,2004,7.15
NC,2004,6.97
SC,2004,6.22
VA,2004,6.43
WV,2004,5.13
ESC,2004,5.83
AL,2004,6.08
KY,2004,4.63
MS,2004,7.0
TN,2004,6.14
WSC,2004,7.47
AR,2004,5.67
LA,2004,7.13
OK,2004,6.5
TX,2004,7.95
MTN,2004,6.86
AZ,2004,7.45
CO,2004,6.95
ID,2004,4.97
MT,2004,6.4
NV,2004,8.56
NM,2004,7.1
UT,2004,5.69
WY,2004,4.98
PCC,2004,9.55
CA,2004,11.35
OR,2004,6.21
WA,2004,5.8
PCN,2004,14.05
AK,2004,10.99
HI,2004,15.7
AT,2004,8.67
NEW,2005,11.95
CT,2005,12.06
ME,2005,10.57
MA,2005,12.18
NH,2005,12.53
RI,2005,11.97
VT,2005,10.95
MAT,2005,11.07
NJ,2005,10.89
NY,2005,13.95
PA,2005,8.27
ENC,2005,6.91
IL,2005,6.95
IN,2005,5.88
MI,2005,7.23
OH,2005,7.08
WI,2005,7.48
WNC,2005,6.37
IA,2005,6.69
KS,2005,6.55
MN,2005,6.61
MO,2005,6.13
NE,2005,5.87
ND,2005,5.92
SD,2005,6.6
SAT,2005,7.59
DE,2005,7.76
DC,2005,9.18
FL,2005,8.76
GA,2005,7.43
MD,2005,8.13
NC,2005,7.19
SC,2005,6.72
VA,2005,6.64
WV,2005,5.15
ESC,2005,6.17
AL,2005,6.46
KY,2005,5.01
MS,2005,7.54
TN,2005,6.31
WSC,2005,8.48
AR,2005,6.3
LA,2005,8.03
OK,2005,6.85
TX,2005,9.14
MTN,2005,7.26
AZ,2005,7.79
CO,2005,7.64
ID,2005,5.12
MT,2005,6.72
NV,2005,9.02
NM,2005,7.51
UT,2005,5.92
WY,2005,5.16
PCC,2005,9.74
CA,2005,11.63
OR,2005,6.34
WA,2005,5.87
PCN,2005,15.96
AK,2005,11.72
HI,2005,18.33
AT,2005,9.33
NEW,2006,14.51
CT,2006,14.83
ME,2006,11.8
MA,2006,15.45
NH,2006,13.84
RI,2006,13.98
VT,2006,11.37
MAT,2006,11.92
NJ,2006,11.88
NY,2006,15.27
PA,2006,8.68
ENC,2006,7.45
IL,2006,7.07
IN,2006,6.46
MI,2006,8.14
OH,2006,7.71
WI,2006,8.13
WNC,2006,6.65
IA,2006,7.01
KS,2006,6.89
MN,2006,6.98
MO,2006,6.3
NE,2006,6.07
ND,2006,6.21
SD,2006,6.7
SAT,2006,8.42
DE,2006,10.13
DC,2006,11.08
FL,2006,10.45
GA,2006,7.63
MD,2006,9.95
NC,2006,7.53
SC,2006,6.98
VA,2006,6.86
WV,2006,5.04
ESC,2006,6.78
AL,2006,7.07
KY,2006,5.43
MS,2006,8.33
TN,2006,6.97
WSC,2006,9.42
AR,2006,6.99
LA,2006,8.3
OK,2006,7.3
TX,2006,10.34
MTN,2006,7.46
AZ,2006,8.24
CO,2006,7.61
ID,2006,4.92
MT,2006,6.91
NV,2006,9.63
NM,2006,7.37
UT,2006,5.99
WY,2006,5.27
PCC,2006,10.62
CA,2006,12.82
OR,2006,6.53
WA,2006,6.14
PCN,2006,17.82
AK,2006,12.84
HI,2006,20.72
AT,2006,10.17
NEW,2007,15.08
CT,2007,16.45
ME,2007,14.59
MA,2007,15.16
NH,2007,13.98
RI,2007,13.12
VT,2007,12.04
MAT,2007,12.31
NJ,2007,13.01
NY,2007,15.22
PA,2007,9.08
ENC,2007,7.97
IL,2007,8.46
IN,2007,6.5
MI,2007,8.53
OH,2007,7.91
WI,2007,8.48
WNC,2007,6.83
IA,2007,6.83
KS,2007,6.84
MN,2007,7.44
MO,2007,6.56
NE,2007,6.28
ND,2007,6.42
SD,2007,6.89
SAT,2007,8.68
DE,2007,11.35
DC,2007,11.79
FL,2007,10.33
GA,2007,7.86
MD,2007,11.5
NC,2007,7.83
SC,2007,7.18
VA,2007,7.12
WV,2007,5.34
ESC,2007,7.01
AL,2007,7.57
KY,2007,5.84
MS,2007,8.03
TN,2007,7.07
WSC,2007,9.27
AR,2007,6.96
LA,2007,8.39
OK,2007,7.29
TX,2007,10.11
MTN,2007,7.69
AZ,2007,8.54
CO,2007,7.76
ID,2007,5.07
MT,2007,7.13
NV,2007,9.99
NM,2007,7.44
UT,2007,6.41
WY,2007,5.29
PCC,2007,10.71
CA,2007,12.8
OR,2007,7.02
WA,2007,6.37
PCN,2007,18.29
AK,2007,13.28
HI,2007,21.29
AT,2007,10.495000000000001
NEW,2008,16.06
CT,2008,17.8
ME,2008,13.8
MA,2008,16.23
NH,2008,14.63
RI,2008,16.04
VT,2008,12.33
MAT,2008,13.17
NJ,2008,14.43
NY,2008,16.47
PA,2008,9.33
ENC,2008,8.53
IL,2008,9.23
IN,2008,7.09
MI,2008,8.93
OH,2008,8.39
WI,2008,9.0
WNC,2008,7.13
IA,2008,6.89
KS,2008,7.45
MN,2008,7.79
MO,2008,6.84
NE,2008,6.58
ND,2008,6.69
SD,2008,7.14
SAT,2008,9.33
DE,2008,12.38
DC,2008,13.18
FL,2008,10.74
GA,2008,8.84
MD,2008,13.01
NC,2008,7.96
SC,2008,7.85
VA,2008,8.0
WV,2008,5.61
ESC,2008,7.87
AL,2008,8.59
KY,2008,6.26
MS,2008,8.99
TN,2008,8.18
WSC,2008,10.13
AR,2008,7.6
LA,2008,9.44
OK,2008,7.81
TX,2008,10.99
MTN,2008,8.18
AZ,2008,9.11
CO,2008,8.59
ID,2008,5.69
MT,2008,7.72
NV,2008,9.89
NM,2008,8.35
UT,2008,6.49
WY,2008,5.67
PCC,2008,10.57
CA,2008,12.49
OR,2008,7.24
WA,2008,6.55
PCN,2008,23.73
AK,2008,14.74
HI,2008,29.2
AT,2008,11.25
NEW,2009,15.65
CT,2009,18.07
ME,2009,13.12
MA,2009,15.45
NH,2009,15.09
RI,2009,14.22
VT,2009,12.75
MAT,2009,12.92
NJ,2009,14.53
NY,2009,15.44
PA,2009,9.6
ENC,2009,8.91
IL,2009,9.15
IN,2009,7.62
MI,2009,9.4
OH,2009,9.02
WI,2009,9.38
WNC,2009,7.57
IA,2009,7.37
KS,2009,7.98
MN,2009,8.14
MO,2009,7.35
NE,2009,7.21
ND,2009,6.63
SD,2009,7.39
SAT,2009,9.87
DE,2009,12.2
DC,2009,13.23
FL,2009,11.49
GA,2009,8.81
MD,2009,13.09
NC,2009,8.48
SC,2009,8.42
VA,2009,8.93
WV,2009,6.65
ESC,2009,8.13
AL,2009,8.83
KY,2009,6.52
MS,2009,8.85
TN,2009,8.69
WSC,2009,8.94
AR,2009,7.57
LA,2009,7.06
OK,2009,6.94
TX,2009,9.86
MTN,2009,8.41
AZ,2009,9.56
CO,2009,8.31
ID,2009,6.51
MT,2009,7.58
NV,2009,10.36
NM,2009,8.09
UT,2009,6.77
WY,2009,6.08
PCC,2009,11.04
CA,2009,13.24
OR,2009,7.47
WA,2009,6.59
PCN,2009,18.87
AK,2009,15.09
HI,2009,21.21
AT,2009,11.395
NEW,2010,14.89
CT,2010,17.38
ME,2010,12.84
MA,2010,14.26
NH,2010,14.84
RI,2010,14.07
VT,2010,13.24
MAT,2010,13.6
NJ,2010,14.68
NY,2010,16.41
PA,2010,10.31
ENC,2010,9.08
IL,2010,9.13
IN,2010,7.67
MI,2010,9.88
OH,2010,9.14
WI,2010,9.78
WNC,2010,7.93
IA,2010,7.66
KS,2010,8.35
MN,2010,8.41
MO,2010,7.78
NE,2010,7.52
ND,2010,7.11
SD,2010,7.82
SAT,2010,9.61
DE,2010,11.97
DC,2010,13.35
FL,2010,10.58
GA,2010,8.87
MD,2010,12.71
NC,2010,8.67
SC,2010,8.49
VA,2010,8.69
WV,2010,7.45
ESC,2010,8.16
AL,2010,8.89
KY,2010,6.73
MS,2010,8.59
TN,2010,8.61
WSC,2010,8.74
AR,2010,7.28
LA,2010,7.8
OK,2010,7.59
TX,2010,9.34
MTN,2010,8.59
AZ,2010,9.69
CO,2010,9.15
ID,2010,6.54
MT,2010,7.84
NV,2010,9.73
NM,2010,8.4
UT,2010,6.94
WY,2010,6.2
PCC,2010,10.92
CA,2010,13.01
OR,2010,7.56
WA,2010,6.66
PCN,2010,21.14
AK,2010,14.76
HI,2010,25.12
AT,2010,11.605
NEW,2011,14.49
CT,2011,16.35
ME,2011,12.58
MA,2011,14.11
NH,2011,14.74
RI,2011,13.04
VT,2011,13.8
MAT,2011,13.37
NJ,2011,14.3
NY,2011,15.89
PA,2011,10.45
ENC,2011,9.22
IL,2011,8.97
IN,2011,8.01
MI,2011,10.4
OH,2011,9.03
WI,2011,10.21
WNC,2011,8.26
IA,2011,7.56
KS,2011,8.89
MN,2011,8.65
MO,2011,8.32
NE,2011,7.88
ND,2011,7.5
SD,2011,8.05
SAT,2011,9.74
DE,2011,11.48
DC,2011,12.81
FL,2011,10.61
GA,2011,9.61
MD,2011,11.93
NC,2011,8.64
SC,2011,8.8
VA,2011,8.84
WV,2011,7.88
ESC,2011,8.58
AL,2011,9.1
KY,2011,7.17
MS,2011,8.78
TN,2011,9.28
WSC,2011,8.54
AR,2011,7.43
LA,2011,7.68
OK,2011,7.8
TX,2011,9.0
MTN,2011,8.63
AZ,2011,9.71
CO,2011,9.39
ID,2011,6.44
MT,2011,8.23
NV,2011,8.97
NM,2011,8.74
UT,2011,7.13
WY,2011,6.58
PCC,2011,11.01
CA,2011,13.05
OR,2011,8.04
WA,2011,6.78
PCN,2011,25.57
AK,2011,16.08
HI,2011,31.59
AT,2011,11.555
NEW,2012,14.02
CT,2012,15.54
ME,2012,11.81
MA,2012,13.79
NH,2012,14.19
RI,2012,12.74
VT,2012,14.22
MAT,2012,12.75
NJ,2012,13.68
NY,2012,15.15
PA,2012,9.91
ENC,2012,9.27
IL,2012,8.4
IN,2012,8.29
MI,2012,10.98
OH,2012,9.12
WI,2012,10.28
WNC,2012,8.54
IA,2012,7.71
KS,2012,9.33
MN,2012,8.86
MO,2012,8.53
NE,2012,8.37
ND,2012,7.83
SD,2012,8.49
SAT,2012,9.73
DE,2012,11.06
DC,2012,11.85
FL,2012,10.44
GA,2012,9.37
MD,2012,11.28
NC,2012,9.15
SC,2012,9.1
VA,2012,9.07
WV,2012,8.14
ESC,2012,8.58
AL,2012,9.18
KY,2012,7.26
MS,2012,8.6
TN,2012,9.27
WSC,2012,8.11
AR,2012,7.62
LA,2012,6.9
OK,2012,7.54
TX,2012,8.55
MTN,2012,8.82
AZ,2012,9.81
CO,2012,9.39
ID,2012,6.92
MT,2012,8.25
NV,2012,8.95
NM,2012,8.83
UT,2012,7.84
WY,2012,7.19
PCC,2012,11.38
CA,2012,13.53
OR,2012,8.21
WA,2012,6.94
PCN,2012,26.96
AK,2012,16.33
HI,2012,34.04
AT,2012,11.24
NEW,2013,14.47
CT,2013,15.66
ME,2013,11.86
MA,2013,14.51
NH,2013,14.3
RI,2013,13.72
VT,2013,14.61
MAT,2013,12.85
NJ,2013,13.69
NY,2013,15.44
PA,2013,9.81
ENC,2013,9.4
IL,2013,8.26
IN,2013,8.73
MI,2013,11.21
OH,2013,9.2
WI,2013,10.51
WNC,2013,8.98
IA,2013,8.07
KS,2013,9.72
MN,2013,9.41
MO,2013,9.04
NE,2013,8.74
ND,2013,8.2
SD,2013,8.86
SAT,2013,9.75
DE,2013,10.9
DC,2013,11.85
FL,2013,10.22
GA,2013,9.69
MD,2013,11.66
NC,2013,9.24
SC,2013,9.24
VA,2013,8.96
WV,2013,7.91
ESC,2013,8.71
AL,2013,9.02
KY,2013,7.69
MS,2013,9.11
TN,2013,9.13
WSC,2013,8.42
AR,2013,7.93
LA,2013,8.04
OK,2013,7.86
TX,2013,8.66
MTN,2013,9.18
AZ,2013,10.14
CO,2013,9.88
ID,2013,7.57
MT,2013,8.58
NV,2013,9.03
NM,2013,9.25
UT,2013,8.15
WY,2013,7.55
PCC,2013,11.94
CA,2013,14.3
OR,2013,8.44
WA,2013,7.09
PCN,2013,26.59
AK,2013,16.49
HI,2013,33.26
AT,2013,11.3
NEW,2014,15.45
CT,2014,17.05
ME,2014,12.65
MA,2014,15.35
NH,2014,15.22
RI,2014,15.41
VT,2014,14.57
MAT,2014,13.41
NJ,2014,13.95
NY,2014,16.25
PA,2014,10.28
ENC,2014,9.85
IL,2014,9.36
IN,2014,9.06
MI,2014,11.03
OH,2014,9.73
WI,2014,10.57
WNC,2014,9.12
IA,2014,8.15
KS,2014,10.16
MN,2014,9.52
MO,2014,9.11
NE,2014,8.84
ND,2014,8.41
SD,2014,9.05
SAT,2014,10.07
DE,2014,11.22
DC,2014,12.11
FL,2014,10.77
GA,2014,10.03
MD,2014,12.1
NC,2014,9.33
SC,2014,9.67
VA,2014,9.17
WV,2014,7.65
ESC,2014,9.08
AL,2014,9.27
KY,2014,8.15
MS,2014,9.6
TN,2014,9.4
WSC,2014,8.65
AR,2014,7.9
LA,2014,8.09
OK,2014,8.18
TX,2014,8.94
MTN,2014,9.42
AZ,2014,10.18
CO,2014,10.06
ID,2014,7.93
MT,2014,8.59
NV,2014,9.73
NM,2014,9.65
UT,2014,8.35
WY,2014,7.76
PCC,2014,12.55
CA,2014,15.15
OR,2014,8.68
WA,2014,7.13
PCN,2014,27.13
AK,2014,17.46
HI,2014,33.43
AT,2014,11.74
NEW,2015,16.52
CT,2015,17.77
ME,2015,12.78
MA,2015,16.9
NH,2015,16.02
RI,2015,17.01
VT,2015,14.41
MAT,2015,13.0
NJ,2015,13.74
NY,2015,15.28
PA,2015,10.31
ENC,2015,9.89
IL,2015,9.4
IN,2015,8.99
MI,2015,10.76
OH,2015,9.98
WI,2015,10.73
WNC,2015,9.29
IA,2015,8.35
KS,2015,10.14
MN,2015,9.53
MO,2015,9.44
NE,2015,8.91
ND,2015,8.75
SD,2015,9.47
SAT,2015,9.97
DE,2015,11.17
DC,2015,12.07
FL,2015,10.49
GA,2015,9.62
MD,2015,12.07
NC,2015,9.37
SC,2015,9.58
VA,2015,9.31
WV,2015,8.11
ESC,2015,9.06
AL,2015,9.33
KY,2015,8.14
MS,2015,9.53
TN,2015,9.3
WSC,2015,8.41
AR,2015,8.19
LA,2015,7.65
OK,2015,7.9
TX,2015,8.7
MTN,2015,9.48
AZ,2015,10.34
CO,2015,9.94
ID,2015,8.09
MT,2015,8.9
NV,2015,9.48
NM,2015,9.62
UT,2015,8.54
WY,2015,7.97
PCC,2015,12.82
CA,2015,15.42
OR,2015,8.75
WA,2015,7.4
PCN,2015,22.8
AK,2015,17.59
HI,2015,26.17
AT,2015,11.485
NEW,2016,16.13
CT,2016,17.24
ME,2016,12.8
MA,2016,16.48
NH,2016,15.66
RI,2016,16.28
VT,2016,14.46
MAT,2016,12.56
NJ,2016,13.38
NY,2016,14.47
PA,2016,10.19
ENC,2016,9.94
IL,2016,9.38
IN,2016,9.22
MI,2016,11.05
OH,2016,9.84
WI,2016,10.67
WNC,2016,9.59
IA,2016,8.55
KS,2016,10.49
MN,2016,9.99
MO,2016,9.74
NE,2016,9.05
ND,2016,8.94
SD,2016,9.83
SAT,2016,9.79
DE,2016,11.09
DC,2016,11.73
FL,2016,9.91
GA,2016,9.59
MD,2016,12.21
NC,2016,9.2
SC,2016,9.79
VA,2016,9.09
WV,2016,8.98
ESC,2016,9.04
AL,2016,9.56
KY,2016,8.42
MS,2016,8.67
TN,2016,9.23
WSC,2016,8.19
AR,2016,8.13
LA,2016,7.46
OK,2016,7.83
TX,2016,8.43
MTN,2016,9.31
AZ,2016,10.33
CO,2016,9.83
ID,2016,8.08
MT,2016,8.84
NV,2016,8.38
NM,2016,9.12
UT,2016,8.72
WY,2016,8.19
PCC,2016,12.75
CA,2016,15.23
OR,2016,8.83
WA,2016,7.68
PCN,2016,21.53
AK,2016,17.93
HI,2016,23.87
AT,2016,11.175
NEW,2017,16.58
CT,2017,17.55
ME,2017,13.02
MA,2017,17.12
NH,2017,16.17
RI,2017,16.42
VT,2017,14.6
MAT,2017,12.63
NJ,2017,13.32
NY,2017,14.74
PA,2017,10.13
ENC,2017,10.12
IL,2017,9.49
IN,2017,9.77
MI,2017,11.28
OH,2017,9.84
WI,2017,10.76
WNC,2017,9.77
IA,2017,8.73
KS,2017,10.6
MN,2017,10.27
MO,2017,10.03
NE,2017,9.08
ND,2017,8.78
SD,2017,10.05
SAT,2017,9.96
DE,2017,10.9
DC,2017,11.8
FL,2017,10.42
GA,2017,9.83
MD,2017,11.98
NC,2017,9.04
SC,2017,9.97
VA,2017,9.18
WV,2017,9.0
ESC,2017,9.29
AL,2017,9.83
KY,2017,8.57
MS,2017,9.09
TN,2017,9.45
WSC,2017,8.26
AR,2017,8.26
LA,2017,7.79
OK,2017,8.2
TX,2017,8.38
MTN,2017,9.51
AZ,2017,10.64
CO,2017,9.99
ID,2017,8.26
MT,2017,8.92
NV,2017,8.76
NM,2017,9.59
UT,2017,8.6
WY,2017,8.28
PCC,2017,13.28
CA,2017,16.06
OR,2017,8.81
WA,2017,7.94
PCN,2017,23.28
AK,2017,19.1
HI,2017,26.05
AT,2017,11.295000000000002
NEW,2018,17.63
CT,2018,18.41
ME,2018,13.44
MA,2018,18.5
NH,2018,17.01
RI,2018,18.1
VT,2018,15.13
MAT,2018,12.63
NJ,2018,13.23
NY,2018,14.83
PA,2018,10.1
ENC,2018,10.17
IL,2018,9.6
IN,2018,9.75
MI,2018,11.4
OH,2018,9.94
WI,2018,10.58
WNC,2018,9.81
IA,2018,8.92
KS,2018,10.72
MN,2018,10.37
MO,2018,9.93
NE,2018,9.02
ND,2018,8.91
SD,2018,9.97
SAT,2018,9.9
DE,2018,10.55
DC,2018,12.03
FL,2018,10.32
GA,2018,9.62
MD,2018,11.57
NC,2018,9.25
SC,2018,9.67
VA,2018,9.48
WV,2018,8.72
ESC,2018,9.29
AL,2018,9.63
KY,2018,8.52
MS,2018,9.24
TN,2018,9.58
WSC,2018,8.27
AR,2018,7.78
LA,2018,7.71
OK,2018,8.09
TX,2018,8.48
MTN,2018,9.48
AZ,2018,10.85
CO,2018,10.02
ID,2018,8.17
MT,2018,8.84
NV,2018,8.67
NM,2018,9.35
UT,2018,8.21
WY,2018,8.09
PCC,2018,13.66
CA,2018,16.58
OR,2018,8.85
WA,2018,8.0
PCN,2018,25.35
AK,2018,19.36
HI,2018,29.18
AT,2018,11.265
NEW,2019,17.76
CT,2019,18.66
ME,2019,14.04
MA,2019,18.4
NH,2019,17.15
RI,2019,18.49
VT,2019,15.36
MAT,2019,12.35
NJ,2019,13.42
NY,2019,14.34
PA,2019,9.81
ENC,2019,10.13
IL,2019,9.56
IN,2019,9.91
MI,2019,11.56
OH,2019,9.58
WI,2019,10.66
WNC,2019,9.69
IA,2019,9.08
KS,2019,10.26
MN,2019,10.33
MO,2019,9.68
NE,2019,9.08
ND,2019,8.85
SD,2019,9.96
SAT,2019,10.02
DE,2019,10.52
DC,2019,12.27
FL,2019,10.44
GA,2019,9.86
MD,2019,11.24
NC,2019,9.45
SC,2019,10.02
VA,2019,9.52
WV,2019,8.49
ESC,2019,9.4
AL,2019,9.83
KY,2019,8.61
MS,2019,9.28
TN,2019,9.69
WSC,2019,8.36
AR,2019,8.22
LA,2019,7.71
OK,2019,7.86
TX,2019,8.6
MTN,2019,9.39
AZ,2019,10.52
CO,2019,10.17
ID,2019,7.89
MT,2019,9.02
NV,2019,8.78
NM,2019,8.99
UT,2019,8.24
WY,2019,8.1
PCC,2019,13.79
CA,2019,16.89
OR,2019,8.81
WA,2019,8.04
PCN,2019,25.48
AK,2019,20.22
HI,2019,28.72
AT,2019,11.184999999999999
NEW,2020,17.73
CT,2020,19.13
ME,2020,13.54
MA,2020,18.19
NH,2020,16.63
RI,2020,18.54
VT,2020,16.33
MAT,2020,12.56
NJ,2020,13.63
NY,2020,14.87
PA,2020,9.7
ENC,2020,10.28
IL,2020,9.75
IN,2020,9.92
MI,2020,12.21
OH,2020,9.44
WI,2020,10.82
WNC,2020,9.69
IA,2020,8.97
KS,2020,10.38
MN,2020,10.57
MO,2020,9.64
NE,2020,8.97
ND,2020,8.53
SD,2020,10.06
SAT,2020,9.84
DE,2020,10.24
DC,2020,11.9
FL,2020,10.06
GA,2020,9.93
MD,2020,11.15
NC,2020,9.43
SC,2020,9.9
VA,2020,9.16
WV,2020,8.75
ESC,2020,9.32
AL,2020,9.84
KY,2020,8.58
MS,2020,9.13
TN,2020,9.52
WSC,2020,8.17
AR,2020,8.32
LA,2020,7.51
OK,2020,7.63
TX,2020,8.36
MTN,2020,9.4
AZ,2020,10.44
CO,2020,10.27
ID,2020,7.99
MT,2020,9.13
NV,2020,8.33
NM,2020,9.33
UT,2020,8.27
WY,2020,8.27
PCC,2020,14.63
CA,2020,18.0
OR,2020,8.82
WA,2020,8.33
PCN,2020,24.44
AK,2020,19.82
HI,2020,27.55
AT,2020,11.2
NEW,2021,18.03
CT,2021,18.32
ME,2021,13.96
MA,2021,19.06
NH,2021,17.37
RI,2021,18.44
VT,2021,16.34
MAT,2021,13.22
NJ,2021,14.01
NY,2021,16.11
PA,2021,9.97
ENC,2021,10.69
IL,2021,10.14
IN,2021,10.36
MI,2021,12.93
OH,2021,9.76
WI,2021,11.01
WNC,2021,9.9
IA,2021,9.13
KS,2021,10.47
MN,2021,11.08
MO,2021,9.85
NE,2021,8.84
ND,2021,8.65
SD,2021,10.43
SAT,2021,10.12
DE,2021,10.5
DC,2021,12.81
FL,2021,10.67
GA,2021,10.43
MD,2021,11.48
NC,2021,9.29
SC,2021,9.96
VA,2021,9.14
WV,2021,8.87
ESC,2021,9.69
AL,2021,10.18
KY,2021,9.12
MS,2021,9.5
TN,2021,9.78
WSC,2021,9.03
AR,2021,9.1
LA,2021,8.82
OK,2021,8.52
TX,2021,9.14
MTN,2021,9.7
AZ,2021,10.73
CO,2021,10.9
ID,2021,8.17
MT,2021,9.5
NV,2021,8.58
NM,2021,9.79
UT,2021,8.34
WY,2021,8.25
PCC,2021,15.7
CA,2021,19.65
OR,2021,8.95
WA,2021,8.75
PCN,2021,26.19
AK,2021,20.02
HI,2021,30.31
AT,2021,11.67
NEW,2022,20.47
CT,2022,21.08
ME,2022,17.44
MA,2022,21.27
NH,2022,21.07
RI,2022,19.3
VT,2022,16.99
MAT,2022,15.02
NJ,2022,14.8
NY,2022,18.33
PA,2022,11.86
ENC,2022,11.77
IL,2022,11.94
IN,2022,11.66
MI,2022,13.2
OH,2022,10.64
WI,2022,11.95
WNC,2022,10.38
IA,2022,9.57
KS,2022,11.47
MN,2022,12.04
MO,2022,10.26
NE,2022,8.83
ND,2022,8.42
SD,2022,10.44
SAT,2022,11.48
DE,2022,11.83
DC,2022,14.94
FL,2022,12.51
GA,2022,12.0
MD,2022,13.32
NC,2022,9.6
SC,2022,10.74
VA,2022,10.75
WV,2022,9.74
ESC,2022,10.91
AL,2022,11.59
KY,2022,10.51
MS,2022,10.36
TN,2022,10.89
WSC,2022,10.16
AR,2022,9.91
LA,2022,10.41
OK,2022,10.05
TX,2022,10.16
MTN,2022,10.46
AZ,2022,11.31
CO,2022,11.75
ID,2022,8.51
MT,2022,9.97
NV,2022,10.94
NM,2022,10.02
UT,2022,8.8
WY,2022,8.24
PCC,2022,17.46
CA,2022,22.33
OR,2022,9.26
WA,2022,9.05
PCN,2022,32.14
AK,2022,20.73
HI,2022,39.72
AT,2022,13.25
NEW,2023,22.73
CT,2023,24.21
ME,2023,20.95
MA,2023,22.97
NH,2023,22.98
RI,2023,21.97
VT,2023,17.52
MAT,2023,15.43
NJ,2023,15.41
NY,2023,18.32
PA,2023,12.54
ENC,2023,12.03
IL,2023,11.91
IN,2023,11.5
MI,2023,13.66
OH,2023,11.12
WI,2023,12.63
WNC,2023,10.49
IA,2023,9.43
KS,2023,11.12
MN,2023,12.17
MO,2023,11.01
NE,2023,9.19
ND,2023,7.92
SD,2023,10.42
SAT,2023,12.03
DE,2023,12.96
DC,2023,16.53
FL,2023,13.51
GA,2023,11.36
MD,2023,14.37
NC,2023,10.86
SC,2023,10.76
VA,2023,10.92
WV,2023,10.27
ESC,2023,10.87
AL,2023,11.5
KY,2023,10.05
MS,2023,11.1
TN,2023,10.79
WSC,2023,9.76
AR,2023,9.74
LA,2023,8.88
OK,2023,9.4
TX,2023,9.99
MTN,2023,11.07
AZ,2023,12.14
CO,2023,11.77
ID,2023,9.12
MT,2023,10.91
NV,2023,13.01
NM,2023,9.67
UT,2023,9.03
WY,2023,8.34
PCC,2023,19.15
CA,2023,24.73
OR,2023,10.23
WA,2023,9.61
PCN,2023,31.72
AK,2023,21.39
HI,2023,38.7
AT,2023,13.73
