State,Year,e_price,CO2_annual,Fuels_ratio
CT,2001,9.62,45649924,0.0
ME,2001,10.55,35440016,0.0
MA,2001,11.55,99152464,0.0
NH,2001,10.95,18182220,0.0
RI,2001,11.45,13784508,0.0
VT,2001,10.86,174076,0.0
NJ,2001,9.36,87756212,0.0
NY,2001,11.55,244013156,0.0368461142409059
PA,2001,8.01,453234964,0.7059187012970248
IL,2001,6.9,372609056,0.4353992009380019
IN,2001,5.3,474536768,0.9433366872508118
MI,2001,6.97,311854524,0.4702111073087404
OH,2001,6.62,478779008,0.776471639688139
WI,2001,6.08,199215764,0.0
IA,2001,6.14,166116952,0.0
KS,2001,6.24,143727388,0.8601629563956575
MN,2001,5.97,146191760,0.0
MO,2001,6.03,280815508,0.0662621189928158
NE,2001,5.39,85810996,0.1012900169959042
ND,2001,5.48,128339628,0.969219218100804
SD,2001,6.35,15846596,0.1686019601135014
DE,2001,6.8,24333856,0.0
DC,2001,7.4,655244,0.0
FL,2001,7.67,494246216,0.0643010715566628
GA,2001,6.39,306547792,0.0
MD,2001,6.6,123026348,0.3884874574903853
NC,2001,6.58,285036708,0.0
SC,2001,5.77,143831284,0.0
VA,2001,6.18,188731312,0.7216571612313628
WV,2001,5.07,302705664,0.996599318200715
AL,2001,5.6,315198876,0.6168584931662863
KY,2001,4.24,354138352,0.9847338672691384
MS,2001,6.26,126115140,0.6153377454097065
TN,2001,5.59,248198360,0.1678931331719859
AR,2001,6.05,113944684,0.4634921389286131
LA,2001,6.96,219919432,0.8853630763891901
OK,2001,6.1,186723676,0.9788720863978414
TX,2001,7.38,1022869444,0.9479233309511093
AZ,2001,7.27,188036048,0.4294879287471728
CO,2001,6.02,169461764,0.9863185901331928
ID,2001,4.92,4403828,0.0
MT,2001,6.48,74102940,0.9165094119658652
NV,2001,7.86,96555964,0.0711442998972954
NM,2001,7.16,126947836,0.9971025102072714
UT,2001,5.21,131527556,0.989757407293408
WY,2001,4.46,185288552,0.9982024256764505
CA,2001,11.22,286652008,0.6679322496938049
OR,2001,5.44,37514008,0.0032442008841088
WA,2001,5.34,62728700,0.0882531782473423
AK,2001,10.54,18529128,0.9935507230408824
HI,2001,14.05,35224684,0.0
CT,2002,9.71,41523956,0.0
ME,2002,10.35,40880296,0.0
MA,2002,10.06,101256200,0.0
NH,2002,10.6,18416508,0.0
RI,2002,9.2,12393636,0.0
VT,2002,10.87,60624,0.0
NJ,2002,9.3,88610676,0.0
NY,2002,11.16,225044380,0.0473060633940942
PA,2002,8.06,479959600,0.6821290372289728
IL,2002,6.94,388416860,0.4305700218772614
IN,2002,5.34,467106592,0.9385147661941234
MI,2002,7.09,300901192,0.4418917351559992
OH,2002,6.77,497727168,0.8103369116618648
WI,2002,6.28,198414276,0.0
IA,2002,6.01,166332828,0.0
KS,2002,6.31,156870148,0.8606585585607116
MN,2002,5.8,151716004,0.0
MO,2002,6.09,283718368,0.0455432003792029
NE,2002,5.55,83208032,0.0895988420181968
ND,2002,5.45,129777464,0.9652242387323472
SD,2002,6.26,13809136,0.1274816641375822
DE,2002,6.91,24279568,0.0
DC,2002,7.34,1056464,0.0
FL,2002,7.31,501734316,0.0470154171464158
GA,2002,6.24,330732464,0.0
MD,2002,6.18,126062488,0.4328550423712763
NC,2002,6.74,293624424,0.0
SC,2002,5.83,147828852,0.0
VA,2002,6.23,188461768,0.7065411968833254
WV,2002,5.11,350185648,0.9962599101755794
AL,2002,5.71,323750316,0.6060136731909475
KY,2002,4.26,352416704,0.9807875229698784
MS,2002,6.24,94151384,0.6453305207163001
TN,2002,5.72,239212568,0.1621394221638089
AR,2002,5.61,109476804,0.4445609414091302
LA,2002,5.99,221741972,0.874644460917398
OK,2002,5.59,195493432,0.9815410254825432
TX,2002,6.62,1033592352,0.9468360235092732
AZ,2002,7.21,184025336,0.406935449269144
CO,2002,6.0,166501336,0.9890449898016188
ID,2002,5.58,3093416,0.0
MT,2002,5.7,67340368,0.8882303498807119
NV,2002,8.42,85136920,0.0753623868274147
NM,2002,6.73,118512116,0.996790721347151
UT,2002,5.39,135246252,0.9888151042871492
WY,2002,4.68,181109388,0.998504185615524
CA,2002,12.19,240073864,0.6462657509206338
OR,2002,6.32,28846728,0.0021320527732875
WA,2002,5.88,50816200,0.0850642347432007
AK,2002,10.46,17816940,0.993261806690066
HI,2002,13.39,37388028,0.0
CT,2003,10.16,38554280,0.0
ME,2003,9.79,31061796,0.0
MA,2003,10.56,109759316,0.0
NH,2003,10.83,30687320,0.0
RI,2003,10.47,9650288,0.0
VT,2003,10.98,102860,0.0
NJ,2003,9.48,81523068,0.0
NY,2003,12.44,229929828,0.046311904119638
PA,2003,8.02,481631400,0.668036382883824
IL,2003,6.86,385691956,0.4076795018210123
IN,2003,5.37,472234748,0.9357011036855024
MI,2003,6.85,296769020,0.4206125025692221
OH,2003,6.73,516368448,0.8308256584663506
WI,2003,6.64,196738508,0.0
IA,2003,6.11,165256872,0.0
KS,2003,6.35,156511404,0.8509250014388633
MN,2003,6.01,161254512,0.0
MO,2003,6.02,307808128,0.0822058986277113
NE,2003,5.64,87015148,0.0997584872833825
ND,2003,5.47,128132932,0.9607947758341864
SD,2003,6.35,14849132,0.1090518717563687
DE,2003,6.96,28263584,0.0
DC,2003,7.4,331536,0.0
FL,2003,7.72,520041296,0.0438661584961242
GA,2003,6.32,321021156,0.0
MD,2003,6.45,131871476,0.3877683698417932
NC,2003,6.86,290853532,0.0
SC,2003,6.08,148141780,0.0
VA,2003,6.27,186369436,0.72915155152286
WV,2003,5.13,346218192,0.9947394671160924
AL,2003,5.88,325141820,0.5964756747371619
KY,2003,4.42,345891016,0.9780040562511524
MS,2003,6.46,94550864,0.6587924706488377
TN,2003,5.84,225923784,0.1355826395982794
AR,2003,5.57,110669244,0.4544059668794709
LA,2003,6.93,225759952,0.8729575376438901
OK,2003,6.35,196941048,0.9807519640080584
TX,2003,7.5,1030723344,0.9500318263819704
AZ,2003,7.34,189037616,0.4083901596624431
CO,2003,6.77,164711520,0.9891991486858134
ID,2003,5.22,4455912,0.0
MT,2003,6.14,75919612,0.8962983779896743
NV,2003,8.29,93048524,0.0786159207529566
NM,2003,7.0,126754328,0.9964431386155864
UT,2003,5.41,139092324,0.9887593877369756
WY,2003,4.76,184437132,0.998594800365324
CA,2003,11.78,225233640,0.6244201479034043
OR,2003,6.18,35472268,0.0019209852058179
WA,2003,5.86,61028148,0.0971033561635667
AK,2003,10.5,15942016,0.9927204329114284
HI,2003,14.47,35000136,0.0
CT,2004,10.26,41624184,0.0
ME,2004,9.69,29558684,0.0
MA,2004,10.77,105139900,0.0
NH,2004,11.37,32982120,0.0
RI,2004,10.96,8471636,0.0
VT,2004,11.02,87180,0.0
NJ,2004,10.29,85953688,0.0
NY,2004,12.55,232403856,0.0580486143455284
PA,2004,8.0,492047108,0.6647237805318938
IL,2004,6.8,411298640,0.4138562839664442
IN,2004,5.58,483069976,0.9357870511745016
MI,2004,6.94,314286208,0.4174495967467176
OH,2004,6.89,498975788,0.7620231900415373
WI,2004,6.88,202532188,0.0
IA,2004,6.4,167533192,0.0
KS,2004,6.37,153442572,0.830146397110083
MN,2004,6.24,155816120,0.0
MO,2004,6.07,312443144,0.0952398537612171
NE,2004,5.7,85348948,0.0747224255876743
ND,2004,5.69,122628828,0.961192809845966
SD,2004,6.44,15787120,0.0966966124909677
DE,2004,7.53,26374676,0.0
DC,2004,7.47,225892,0.0
FL,2004,8.16,524476912,0.0402991906732739
GA,2004,6.58,331047132,0.0
MD,2004,7.15,129468628,0.3859900248929424
NC,2004,6.97,293214408,0.0
SC,2004,6.22,161679888,0.0
VA,2004,6.43,189242800,0.6904158947341948
WV,2004,5.13,331993156,0.9951649616123902
AL,2004,6.08,325311372,0.5978428790643663
KY,2004,4.63,352837788,0.977183350597674
MS,2004,7.0,102364320,0.5836048016421973
TN,2004,6.14,237232256,0.1383130572073653
AR,2004,5.67,115376112,0.4554635274666751
LA,2004,7.13,235833764,0.854980709942682
OK,2004,6.5,190550464,0.9731755538304336
TX,2004,7.95,1037660408,0.9407601086403024
AZ,2004,7.45,211599948,0.4268046696132326
CO,2004,6.95,164721780,0.9897471489691024
ID,2004,4.97,5234940,0.0
MT,2004,6.4,78501112,0.9048403396637488
NV,2004,8.56,100834764,0.0726810948096511
NM,2004,7.1,127144344,0.9954780117634068
UT,2004,5.69,142088700,0.9880306980584664
WY,2004,4.98,187133384,0.998395684063354
CA,2004,11.35,240678340,0.6332936254990175
OR,2004,6.21,37009428,0.0012282651598562
WA,2004,5.8,60738188,0.0898454236841237
AK,2004,10.99,19109972,0.992674798442594
HI,2004,15.7,36810276,0.0
CT,2005,12.06,46644780,0.0
ME,2005,10.57,28448504,0.0
MA,2005,12.18,108250100,0.0
NH,2005,12.53,32961952,0.0
RI,2005,11.97,10464044,0.0
VT,2005,10.95,54852,0.0
NJ,2005,10.89,85168440,0.0
NY,2005,13.95,244100688,0.0666481183459823
PA,2005,8.27,512491224,0.6664037308480774
IL,2005,6.95,409516940,0.4144689193609471
IN,2005,5.88,494649660,0.9303168916925946
MI,2005,7.23,319425480,0.3976333345122125
OH,2005,7.08,533666180,0.7765847921956435
WI,2005,7.48,219207040,0.0
IA,2005,6.69,163474764,0.0
KS,2005,6.55,153085984,0.8366973498921977
MN,2005,6.61,158062760,0.0
MO,2005,6.13,324651452,0.089798016206763
NE,2005,5.87,88257760,0.0750552423230511
ND,2005,5.92,132554860,0.966123484243077
SD,2005,6.6,13419052,0.0883588825772313
DE,2005,7.76,27513396,0.0
DC,2005,9.18,943720,0.0
FL,2005,8.76,526173480,0.0370332822460894
GA,2005,7.43,361525584,0.0
MD,2005,8.13,134774452,0.391343555534967
NC,2005,7.19,306991936,0.0
SC,2005,6.72,165270276,0.0
VA,2005,6.64,192864448,0.6590017150003462
WV,2005,5.15,343055876,0.993151607172513
AL,2005,6.46,339409984,0.5935522236191613
KY,2005,5.01,365434508,0.978617889658824
MS,2005,7.54,101491104,0.5632133359008655
TN,2005,6.31,242535632,0.158683339896148
AR,2005,6.3,107098380,0.4731239110487953
LA,2005,8.03,230640824,0.8646881590322764
OK,2005,6.85,208609668,0.9731104440860866
TX,2005,9.14,1045328616,0.9427428462792168
AZ,2005,7.79,208013524,0.4315705141306213
CO,2005,7.64,165589032,0.9853052230324356
ID,2005,5.12,5380252,0.0
MT,2005,6.72,79498360,0.900446288209607
NV,2005,9.02,104794824,0.0700703940448256
NM,2005,7.51,133095520,0.9912246063961784
UT,2005,5.92,145296064,0.9861989369286956
WY,2005,5.16,184813376,0.9979122767198804
CA,2005,11.63,219995200,0.6016723585825082
OR,2005,6.34,36213276,0.0012838308635134
WA,2005,5.87,60459412,0.0846807560587936
AK,2005,11.72,17455880,0.993433455274778
HI,2005,18.33,36529532,0.0
CT,2006,14.83,44674012,0.0
ME,2006,11.8,22709136,0.0
MA,2006,15.45,95643592,0.0
NH,2006,13.84,28518780,0.0
RI,2006,13.98,10104452,0.0
VT,2006,11.37,41064,0.0
NJ,2006,11.88,80145128,0.0
NY,2006,15.27,205711544,0.0671446937062809
PA,2006,8.68,509065228,0.6661145281327165
IL,2006,7.07,404297696,0.417195033920709
IN,2006,6.46,494106632,0.942090069762024
MI,2006,8.14,306870128,0.4211125645438898
OH,2006,7.71,522272784,0.745716764021257
WI,2006,8.13,195988632,0.0
IA,2006,7.01,164981104,0.0
KS,2006,6.89,144935912,0.8235981263372978
MN,2006,6.98,152732328,0.0
MO,2006,6.3,321686972,0.0566462705056496
NE,2006,6.07,87568752,0.0691204611495664
ND,2006,6.21,126214664,0.9639987413015936
SD,2006,6.7,14337004,0.072888156885541
DE,2006,10.13,23796888,0.0
DC,2006,11.08,400344,0.0
FL,2006,10.45,510729584,0.0323119117395497
GA,2006,7.63,364080260,0.0
MD,2006,9.95,123344308,0.3915613436493825
NC,2006,7.53,295855240,0.0
SC,2006,6.98,165183508,0.0
VA,2006,6.86,170092248,0.6822141524011183
WV,2006,5.04,344217200,0.9931159978831944
AL,2006,7.07,344613900,0.5757337357340473
KY,2006,5.43,376950128,0.9803668723026988
MS,2006,8.33,104140336,0.5657916335214718
TN,2006,6.97,248600556,0.1590265690859144
AR,2006,6.99,115725020,0.546925854065013
LA,2006,8.3,218601888,0.8637258447334389
OK,2006,7.3,211729444,0.9785522959591376
TX,2006,10.34,1040855608,0.9397311976936542
AZ,2006,8.24,216046976,0.3523943733545462
CO,2006,7.61,169705752,0.9801386337173104
ID,2006,4.92,3526516,0.0
MT,2006,6.91,77615088,0.8985245932939682
NV,2006,9.63,67001672,0.0606446556284902
NM,2006,7.37,134338608,0.9888687447535176
UT,2006,5.99,147413268,0.987805272312278
WY,2006,5.27,183934616,0.998075815571019
CA,2006,12.82,238928332,0.5873935496401789
OR,2006,6.53,28608860,0.0014781471736488
WA,2006,6.14,41971488,0.0377797500989809
AK,2006,12.84,18506856,0.9936718107196614
HI,2006,20.72,36550968,0.0
CT,2007,16.45,41853640,0.0
ME,2007,14.59,22430920,0.0
MA,2007,15.16,103038316,0.0
NH,2007,13.98,27647588,0.0
RI,2007,13.12,11845292,0.0
VT,2007,12.04,40296,0.0
NJ,2007,13.01,83085528,0.0
NY,2007,15.22,214997180,0.0673303943630796
PA,2007,9.08,517187076,0.6576694789170711
IL,2007,8.46,425196064,0.4073274424302704
IN,2007,6.5,493152256,0.9166613933335096
MI,2007,8.53,320912108,0.3990013494227037
OH,2007,7.91,527881484,0.7485238962945927
WI,2007,8.48,198365556,0.0
IA,2007,6.83,178314808,0.0
KS,2007,6.84,158309656,0.8004980874750389
MN,2007,7.44,153282568,0.0
MO,2007,6.56,313638988,0.0339499070714222
NE,2007,6.28,83980616,0.0579771249846682
ND,2007,6.42,129123512,0.942549540443337
SD,2007,6.89,12274768,0.0842924311745056
DE,2007,11.35,29196264,0.0
DC,2007,11.79,344104,0.0
FL,2007,10.33,515287416,0.0275229715377045
GA,2007,7.86,385745592,0.0
MD,2007,11.5,126045400,0.2193657836356518
NC,2007,7.83,317666196,0.0
SC,2007,7.18,170282032,0.0
VA,2007,7.12,188873400,0.6566829816556271
WV,2007,5.34,349069812,0.9937375392697244
AL,2007,7.57,353588972,0.5816652301474344
KY,2007,5.84,373458652,0.9815280087875856
MS,2007,8.03,112018088,0.6048137337238095
TN,2007,7.07,246400096,0.1496210230848985
AR,2007,6.96,121265580,0.5223441807301822
LA,2007,8.39,219345204,0.8624359336585496
OK,2007,7.29,208275736,0.9696994288058508
TX,2007,10.11,1031077960,0.9391394716881204
AZ,2007,8.54,225821496,0.3243899588327728
CO,2007,7.76,174285196,0.9770378996580176
ID,2007,5.07,5136476,0.0
MT,2007,7.13,81386276,0.903442637469331
NV,2007,9.99,67635804,0.0591419306560239
NM,2007,7.44,127819868,0.9870106288926684
UT,2007,6.41,155623440,0.989792198323004
WY,2007,5.29,185925744,0.9982401537891586
CA,2007,12.8,252559316,0.6152053729826967
OR,2007,7.02,42651532,0.0010621028125589
WA,2007,6.37,51308692,0.0
AK,2007,13.28,17372136,0.9931621891516672
HI,2007,21.29,36105244,0.0
CT,2008,17.8,37802976,0.0
ME,2008,13.8,21254160,0.0
MA,2008,16.23,89052688,0.0
NH,2008,14.63,27129200,0.0
RI,2008,16.04,11950084,0.0
VT,2008,12.33,28392,0.0
NJ,2008,14.43,80388440,0.0
NY,2008,16.47,188626804,0.0592692316619856
PA,2008,9.33,495988424,0.6590479769255768
IL,2008,9.23,425721216,0.4053539169974566
IN,2008,7.09,498641072,0.8613513729649646
MI,2008,8.93,309870372,0.2948620012964031
OH,2008,8.39,516243280,0.7202059510951867
WI,2008,9.0,198370720,0.0
IA,2008,6.89,184549488,0.0
KS,2008,7.45,149258852,0.791913954124964
MN,2008,7.79,147285628,0.0
MO,2008,6.84,310598700,0.0308676665446464
NE,2008,6.58,89838060,0.0580025110198288
ND,2008,6.69,131548104,0.9330042763713368
SD,2008,7.14,16153324,0.0737964554105004
DE,2008,12.38,26387812,0.0
DC,2008,13.18,279424,0.0
FL,2008,10.74,484209888,0.0254550325619631
GA,2008,8.84,358999340,0.0
MD,2008,13.01,116621064,0.2486963771411247
NC,2008,7.96,301375168,0.0
SC,2008,7.85,170171056,0.0
VA,2008,8.0,165606980,0.6486803192264502
WV,2008,5.61,338440720,0.9929801277078236
AL,2008,8.59,332537828,0.5671932785808058
KY,2008,6.26,376113096,0.9804752801529344
MS,2008,8.99,103681172,0.6471065685369082
TN,2008,8.18,234685672,0.1362340944834698
AR,2008,7.6,122613176,0.6423060291169264
LA,2008,9.44,218943488,0.8827965083950813
OK,2008,7.81,213598940,0.9709552521394508
TX,2008,10.99,1010840896,0.9352440473586264
AZ,2008,9.11,235560108,0.302862547157719
CO,2008,8.59,166637888,0.9674892668565483
ID,2008,5.69,4066668,0.0
MT,2008,7.72,81420840,0.8988443936208753
NV,2008,9.89,72574496,0.0626995717715785
NM,2008,8.35,123595164,0.9856757976183436
UT,2008,6.49,157522396,0.9880706374210758
WY,2008,5.67,187348456,0.9980052096354358
CA,2008,12.49,250194272,0.625523279903353
OR,2008,7.24,43282096,0.0019169175195665
WA,2008,6.55,54744608,0.0
AK,2008,14.74,17504264,0.9933225981934352
HI,2008,29.2,36191484,0.0
CT,2009,18.07,32184352,0.0
ME,2009,13.12,18857076,0.0
MA,2009,15.45,78733300,0.0
NH,2009,15.09,22028240,0.0
RI,2009,14.22,12724084,0.0
VT,2009,12.75,26332,0.0
NJ,2009,14.53,64342228,0.0
NY,2009,15.44,152520352,0.0546962662079035
PA,2009,9.6,466484376,0.6502498258156824
IL,2009,9.15,395899132,0.401300044701913
IN,2009,7.62,444451964,0.8381399239371808
MI,2009,9.4,294354644,0.3528312599268378
OH,2009,9.02,460263276,0.7553936703698858
WI,2009,9.38,176933040,0.0
IA,2009,7.37,171911572,0.0
KS,2009,7.98,144828264,0.7759078743951284
MN,2009,8.14,134755736,0.0
MO,2009,7.35,298862900,0.046827987964919
NE,2009,7.21,95597884,0.0542814497771356
ND,2009,6.63,130433792,0.9165365490756504
SD,2009,7.39,14042372,0.0616421158352862
DE,2009,12.2,16573000,0.0
DC,2009,13.23,143008,0.0
FL,2009,11.49,459414788,0.0082299328399201
GA,2009,8.81,308089080,0.0
MD,2009,13.09,102636172,0.2105335658033005
NC,2009,8.48,259380192,0.0
SC,2009,8.42,152485660,0.0
VA,2009,8.93,144642216,0.6241973345691778
WV,2009,6.65,263711044,0.987916913482519
AL,2009,8.83,276954704,0.5305278653728905
KY,2009,6.52,344620460,0.9742250073518978
MS,2009,8.85,93922412,0.6270659012388305
TN,2009,8.69,173831312,0.1109022810030784
AR,2009,7.57,121709200,0.7181574448051143
LA,2009,7.06,212903896,0.8853030611656953
OK,2009,6.94,207944132,0.96877613786021
TX,2009,9.86,971457636,0.933334470257434
AZ,2009,9.56,214094552,0.2870716560679172
CO,2009,8.31,155954832,0.9678620416215536
ID,2009,6.51,4096732,0.0
MT,2009,7.58,70192636,0.8947153192827934
NV,2009,10.36,73178056,0.0516464330667099
NM,2009,8.09,134009112,0.9870912643157423
UT,2009,6.77,146070016,0.985845247286636
WY,2009,6.08,178735864,0.9967074950958058
CA,2009,13.24,237710596,0.6070940334918205
OR,2009,7.47,37624156,0.0020192561646137
WA,2009,6.59,54103200,0.0
AK,2009,15.09,16961420,0.9915413964650208
HI,2009,21.21,34645512,0.0
CT,2010,17.38,36805456,0.0
ME,2010,12.84,19792612,0.0
MA,2010,14.26,81164040,0.0
NH,2010,14.84,22205944,0.0
RI,2010,14.07,12868284,0.0
VT,2010,13.24,32064,0.0
NJ,2010,14.68,76640544,0.0
NY,2010,16.41,166335032,0.0460543881070959
PA,2010,10.31,491318444,0.6840143034755158
IL,2010,9.13,412511336,0.3867599244354295
IN,2010,7.67,465130024,0.7972410718952444
MI,2010,9.88,297918976,0.2795373366027207
OH,2010,9.14,487855360,0.721564680057158
WI,2010,9.78,188953772,0.0
IA,2010,7.66,188845280,0.0
KS,2010,8.35,145283728,0.7494922347950649
MN,2010,8.41,131784428,0.0
MO,2010,7.78,315258664,0.0514812382920376
NE,2010,7.52,97842984,0.0382785346316298
ND,2010,7.11,124255596,0.9124956607000124
SD,2010,7.82,14444720,0.0506134483803425
DE,2010,11.97,16749216,0.0
DC,2010,13.35,762968,0.0
FL,2010,10.58,495244912,0.0455959537365558
GA,2010,8.87,330367652,0.0
MD,2010,12.71,105477544,0.2318576748034753
NC,2010,8.67,292963312,0.0
SC,2010,8.49,165456088,0.0
VA,2010,8.69,158876324,0.6481569687102131
WV,2010,7.45,297133400,0.98758606985269
AL,2010,8.89,317499052,0.553133978170127
KY,2010,6.73,372638280,0.9745943903719312
MS,2010,8.59,107381224,0.6330242677824268
TN,2010,8.61,192784268,0.1031121102493107
AR,2010,7.28,136073268,0.7743570093666405
LA,2010,7.8,234824344,0.902920333125802
OK,2010,7.59,198142232,0.9628978180119406
TX,2010,9.34,1005636752,0.9278025586718396
AZ,2010,9.69,222733592,0.2906392713773902
CO,2010,9.15,161995056,0.967344860915179
ID,2010,6.54,4852856,0.0
MT,2010,7.84,81478116,0.9001340744987867
NV,2010,9.73,68081632,0.0481611208406304
NM,2010,8.4,117514812,0.9850235620395884
UT,2010,6.94,142077068,0.983515202605042
WY,2010,6.2,182811804,0.9957480366713436
CA,2010,13.01,221623328,0.5853525859407752
OR,2010,7.56,40375960,0.003568866884764
WA,2010,6.66,55934440,0.0
AK,2010,14.76,16500208,0.9902470516949377
HI,2010,25.12,33146664,0.0
CT,2011,16.35,32784092,0.0
ME,2011,12.58,17404592,0.0
MA,2011,14.11,65617920,0.0
NH,2011,14.74,20507896,0.0
RI,2011,13.04,14380184,0.0
VT,2011,13.8,96016,0.0
NJ,2011,14.3,67667416,0.0
NY,2011,15.89,149023500,0.038705214760161
PA,2011,10.45,469721056,0.7486367517205809
IL,2011,8.97,402924960,0.41166021350417
IN,2011,8.01,438432236,0.7944569320157767
MI,2011,10.4,277205684,0.2669391821350327
OH,2011,9.03,449278708,0.7274822586932865
WI,2011,10.21,185028512,0.0
IA,2011,7.56,175515492,0.0
KS,2011,8.89,140476968,0.7631549659012845
MN,2011,8.65,130472796,0.0
MO,2011,8.32,325711284,0.0507646067972388
NE,2011,7.88,109003548,0.0432327428096116
ND,2011,7.5,119419984,0.9126398113557552
SD,2011,8.05,11645600,0.0461786683398658
DE,2011,11.48,15713120,0.0
DC,2011,12.81,700304,0.0
FL,2011,10.61,457764944,0.0558282094779129
GA,2011,9.61,285473396,0.0
MD,2011,11.93,94501628,0.2402417508712071
NC,2011,8.64,251189656,0.0
SC,2011,8.8,154880520,0.0
VA,2011,8.84,130546920,0.6585671427693567
WV,2011,7.88,288812440,0.987649509720584
AL,2011,9.1,305653904,0.5266331886305129
KY,2011,7.17,370774360,0.9724496205090056
MS,2011,8.78,93303916,0.605434581150294
TN,2011,9.28,181888348,0.0906716624158053
AR,2011,7.43,143703788,0.8064825611012373
LA,2011,7.68,250721732,0.9262713546127972
OK,2011,7.8,205455752,0.9632893498929174
TX,2011,9.0,1069856368,0.9314547220325564
AZ,2011,9.71,214142968,0.2851496072474122
CO,2011,9.39,158037736,0.9613229618479237
ID,2011,6.44,3299220,0.0
MT,2011,8.23,68114184,0.8729502706421188
NV,2011,8.97,58993108,0.0450268944937563
NM,2011,8.74,124656760,0.9840253946845962
UT,2011,7.13,135770188,0.9783691142460992
WY,2011,6.58,180789696,0.9941647755545696
CA,2011,13.05,191631476,0.5379000529534844
OR,2011,8.04,26885564,0.0026451099205117
WA,2011,6.78,32915604,0.0
AK,2011,16.08,17386800,0.9902154320995168
HI,2011,31.59,32400076,0.0
CT,2012,15.54,35948356,0.0
ME,2012,11.81,14889740,0.0
MA,2012,13.79,57385556,0.0
NH,2012,14.19,17178232,0.0
RI,2012,12.74,13613608,0.0
VT,2012,14.22,49168,0.0
NJ,2012,13.68,64481324,0.0
NY,2012,15.15,142674992,0.0359274618631149
PA,2012,9.91,439986788,0.7982862690811497
IL,2012,8.4,377642996,0.4633327800256183
IN,2012,8.29,399092408,0.8113757983443728
MI,2012,10.98,271506380,0.2810777062873557
OH,2012,9.12,382091616,0.7039179329334434
WI,2012,10.28,164785712,0.0
IA,2012,7.71,165067940,0.0
KS,2012,9.33,126771376,0.746298966016109
MN,2012,8.86,113975264,0.0
MO,2012,8.53,302178744,0.0476457085269581
NE,2012,8.37,105869944,0.053515096252414
ND,2012,7.83,123736196,0.9401644281888693
SD,2012,8.49,13075596,0.1053069153708749
DE,2012,11.06,19924208,0.0
DC,2012,11.85,264460,0.0
FL,2012,10.44,444945972,0.0310983371552862
GA,2012,9.37,236140248,0.0
MD,2012,11.28,82786624,0.2207487695174714
NC,2012,9.15,231695308,0.0
SC,2012,9.1,136950220,0.0
VA,2012,9.07,116892756,0.6151865452002545
WV,2012,8.14,268812296,0.9879408127631012
AL,2012,9.18,276426600,0.53570127100737
KY,2012,7.26,342731088,0.9714857539239864
MS,2012,8.6,97139360,0.601825817612149
TN,2012,9.27,166963828,0.0796200323212578
AR,2012,7.62,144935616,0.8132383684184938
LA,2012,6.9,240728576,0.9262506271406732
OK,2012,7.54,196745688,0.9604144823321596
TX,2012,8.55,1014757084,0.9390255944874932
AZ,2012,9.81,209398556,0.2723473090984992
CO,2012,9.39,159703108,0.9638497256920392
ID,2012,6.92,4687740,0.0
MT,2012,8.25,64096384,0.876732896995453
NV,2012,8.95,59716772,0.036433659384479
NM,2012,8.83,116650204,0.9837688272295784
UT,2012,7.84,129936112,0.9811980083902468
WY,2012,7.19,189853436,0.9944003536289926
CA,2012,13.53,237476048,0.6138569070427594
OR,2012,8.21,29460756,0.0015763677042918
WA,2012,6.94,27959904,0.0
AK,2012,16.33,17219044,0.9886255699998848
HI,2012,34.04,30499176,0.0
CT,2013,15.66,34905548,0.0
ME,2013,11.86,14701624,0.0
MA,2013,14.51,58940112,0.0
NH,2013,14.3,13789816,0.0
RI,2013,13.72,11351200,0.0
VT,2013,14.61,58528,0.0
NJ,2013,13.69,63155384,0.0
NY,2013,15.44,133825588,0.0301263007006036
PA,2013,9.81,434916188,0.8262144260640643
IL,2013,8.26,391248432,0.4684338302592185
IN,2013,8.73,395580724,0.8090083552365231
MI,2013,11.21,268770612,0.2627192844130664
OH,2013,9.2,409862800,0.7202722876357618
WI,2013,10.51,190744304,0.0
IA,2013,8.07,156699292,0.0
KS,2013,9.72,132501404,0.7215482625858012
MN,2013,9.41,117021528,0.0
MO,2013,9.04,313377836,0.0494026819148833
NE,2013,8.74,112171608,0.0472563798154945
ND,2013,8.2,121096140,0.9522317210691535
SD,2013,8.86,12911088,0.116431682228737
DE,2013,10.9,18886976,0.0
DC,2013,11.85,194904,0.0
FL,2013,10.22,433722740,0.0246191997710906
GA,2013,9.69,227248572,0.0
MD,2013,11.66,75798944,0.1828166912046467
NC,2013,9.24,227758064,0.0
SC,2013,9.24,115237696,0.0
VA,2013,8.96,138745816,0.5859620328913129
WV,2013,7.91,275447424,0.9858373632984644
AL,2013,9.02,267944108,0.5002083115287095
KY,2013,7.69,341215496,0.962317022244602
MS,2013,9.11,90533584,0.5713825353575921
TN,2013,9.13,152470992,0.0671524023155114
AR,2013,7.93,149382320,0.8303083447770001
LA,2013,8.04,233094852,0.90192327765696
OK,2013,7.86,185071300,0.9483610379936211
TX,2013,8.66,1029858376,0.942525075238954
AZ,2013,10.14,221368536,0.2774109684442551
CO,2013,9.88,157549268,0.957850218858096
ID,2013,7.57,7767012,0.0
MT,2013,8.58,67802732,0.8964263003022181
NV,2013,9.03,62761820,0.0283273709571439
NM,2013,9.25,114138816,0.9832416959277004
UT,2013,8.15,142794828,0.984689894849403
WY,2013,7.55,202746460,0.99424591980204
CA,2013,14.3,229293388,0.6077502367066954
OR,2013,8.44,37999180,0.001684611440709
WA,2013,7.09,50170204,0.0
AK,2013,16.49,15072948,0.987697412348686
HI,2013,33.26,29712748,0.0
CT,2014,17.05,33809384,0.0
ME,2014,12.65,13611640,0.0
MA,2014,15.35,51668436,0.0
NH,2014,15.22,13831364,0.0
RI,2014,15.41,10263848,0.0
VT,2014,14.57,55140,0.0
NJ,2014,13.95,73454340,0.0
NY,2014,16.25,136288372,0.0263068458422507
PA,2014,10.28,408086732,0.8572135045359823
IL,2014,9.36,386496232,0.4924670999510431
IN,2014,9.06,418542396,0.7999494111778382
MI,2014,11.03,257055180,0.2356308315082989
OH,2014,9.73,394601336,0.7833334724522143
WI,2014,10.57,175039620,0.0
IA,2014,8.15,157248336,0.0
KS,2014,10.16,127174160,0.6925348994990371
MN,2014,9.52,130709964,0.0
MO,2014,9.11,302940376,0.0425799456019098
NE,2014,8.84,105392128,0.0420030775220385
ND,2014,8.41,121678768,0.95746029736336
SD,2014,9.05,12373664,0.1063818639798488
DE,2014,11.22,17105660,0.0
DC,2014,12.11,193584,0.0
FL,2014,10.77,452582768,0.0256723739164953
GA,2014,10.03,250063812,0.0
MD,2014,12.1,82804700,0.1853084464403857
NC,2014,9.33,234312132,0.0
SC,2014,9.67,132331028,0.0
VA,2014,9.17,134935216,0.5411884492864554
WV,2014,7.65,294422436,0.9881308813740716
AL,2014,9.27,270538148,0.4871770899678039
KY,2014,8.15,343180156,0.9605602079177906
MS,2014,9.6,96149392,0.5800070896845091
TN,2014,9.4,165620872,0.0595130513015153
AR,2014,7.9,149154400,0.8135802655795343
LA,2014,8.09,228546036,0.877135285647855
OK,2014,8.18,176250420,0.9562471096896756
TX,2014,8.94,1017950552,0.945740147321679
AZ,2014,10.18,214736320,0.2749180091855025
CO,2014,10.06,153894444,0.958504453762666
ID,2014,7.93,5966212,0.0
MT,2014,8.59,70710564,0.8845062976369654
NV,2014,9.73,64886832,0.0264759322816024
NM,2014,9.65,98849844,0.983740379389848
UT,2014,8.35,140817948,0.9810270142956622
WY,2014,7.76,189347032,0.994214591838065
CA,2014,15.15,230026260,0.6112037833154015
OR,2014,8.68,33478988,0.0024152305466026
WA,2014,7.13,49937328,0.0
AK,2014,17.46,14230604,0.9865864347288512
HI,2014,33.43,29791996,0.0
CT,2015,17.77,36196028,0.0
ME,2015,12.78,11823100,0.0
MA,2015,16.9,53686836,0.0
NH,2015,16.02,14613728,0.0
RI,2015,17.01,11494544,0.0
VT,2015,14.41,44336,0.0
NJ,2015,13.74,77708804,0.0
NY,2015,15.28,130922900,0.0218043995409835
PA,2015,10.31,363890448,0.860639180827917
IL,2015,9.4,337099380,0.4882251290454273
IN,2015,8.99,356180628,0.7669147236074475
MI,2015,10.76,268477108,0.2224054627859445
OH,2015,9.98,334889596,0.8341006391955373
WI,2015,10.73,180778800,0.0
IA,2015,8.35,140171612,0.0
KS,2015,10.14,109364176,0.6854001939978249
MN,2015,9.53,121228404,0.0
MO,2015,9.44,271981336,0.018420355155049
NE,2015,8.91,101303132,0.03610387431326
ND,2015,8.75,124982052,0.9613779701391651
SD,2015,9.47,7765008,0.0429615040134474
DE,2015,11.17,16363964,0.0
DC,2015,12.07,142404,0.0
FL,2015,10.49,447452640,0.0259290051237294
GA,2015,9.62,237095920,0.0
MD,2015,12.07,73256420,0.1851985647486686
NC,2015,9.37,215296560,0.0
SC,2015,9.58,119395996,0.0
VA,2015,9.31,139591904,0.5370916089067974
WV,2015,8.11,265079380,0.9907774148272138
AL,2015,9.33,257767168,0.4493624477586023
KY,2015,8.14,305709188,0.9553306129034744
MS,2015,9.53,100682732,0.5648851148851148
TN,2015,9.3,151908132,0.0631130379612985
AR,2015,8.19,114348776,0.8028156108376382
LA,2015,7.65,225195728,0.8809224469405674
OK,2015,7.9,166504200,0.9536155755880322
TX,2015,8.7,973544424,0.9449771424947732
AZ,2015,10.34,200804648,0.2383226590106007
CO,2015,9.94,149653200,0.9603816744658454
ID,2015,8.09,7462840,0.008810743422625
MT,2015,8.9,72542020,0.885397932634062
NV,2015,9.48,59008056,0.0209248524862883
NM,2015,9.62,99399320,0.9855201471722748
UT,2015,8.54,134752784,0.97655085829608
WY,2015,7.97,189902172,0.9945087740241136
CA,2015,15.42,221925124,0.6041735540350701
OR,2015,8.75,35946400,0.0020221135977472
WA,2015,7.4,46344972,0.0
AK,2015,17.59,14705828,0.9833565744992426
HI,2015,26.17,29424196,0.0
CT,2016,17.24,34314560,0.0
ME,2016,12.8,10229324,0.0
MA,2016,16.48,50887300,0.0
NH,2016,15.66,10105444,0.0
RI,2016,16.28,10680116,0.0
VT,2016,14.46,46104,0.0
NJ,2016,13.38,84432064,0.0
NY,2016,14.47,125180764,0.0176489130661524
PA,2016,10.19,340165212,0.8634835069625979
IL,2016,9.38,288902300,0.4224848951220093
IN,2016,9.22,341570480,0.7228203874818846
MI,2016,11.05,234575252,0.2047718316169849
OH,2016,9.84,326473632,0.8586283399486457
WI,2016,10.67,163655548,0.0
IA,2016,8.55,120862160,0.0
KS,2016,10.49,103048616,0.6310333890596904
MN,2016,9.99,118575488,0.0
MO,2016,9.74,250923820,0.0277188745090954
NE,2016,9.05,92054844,0.0296888969365005
ND,2016,8.94,119631448,0.9534274080937902
SD,2016,9.83,10703632,0.0348070883439376
DE,2016,11.09,17453692,0.0
DC,2016,11.73,190216,0.0
FL,2016,9.91,441552712,0.0223686661613059
GA,2016,9.59,240622188,0.0
MD,2016,12.21,74311864,0.1575688779116666
NC,2016,9.2,209969196,0.0
SC,2016,9.79,112004180,0.0
VA,2016,9.09,146264608,0.5063122974528481
WV,2016,8.98,273891728,0.9895456287246384
AL,2016,9.56,231104936,0.4205542128384027
KY,2016,8.42,289730712,0.937714282939274
MS,2016,8.67,105089012,0.5878524178428668
TN,2016,9.23,159707900,0.0457984309091545
AR,2016,8.13,126903464,0.7732124031200208
LA,2016,7.46,212647640,0.861948166467217
OK,2016,7.83,148422488,0.9392856938024424
TX,2016,8.43,945828440,0.9324559467830956
AZ,2016,10.33,178123052,0.1966282580399645
CO,2016,9.83,144298664,0.9512101545517452
ID,2016,8.08,7315624,0.0407728991317234
MT,2016,8.84,65879876,0.8554103403185701
NV,2016,8.38,58167252,0.0176172356027912
NM,2016,9.12,92773104,0.9786175521558804
UT,2016,8.72,112979880,0.9604273315489956
WY,2016,8.19,176686520,0.9927452388967666
CA,2016,15.23,188030560,0.5345986943298716
OR,2016,8.83,32827428,0.0018089123061498
WA,2016,7.68,40915768,0.0
AK,2016,17.93,13865236,0.9824802923318622
HI,2016,23.87,29027600,0.0
CT,2017,17.55,31496792,0.0
ME,2017,13.02,8390524,0.0
MA,2017,17.12,49535656,0.0
NH,2017,16.17,7905016,0.0
RI,2017,16.42,11923696,0.0
VT,2017,14.6,61372,0.0
NJ,2017,13.32,72542744,0.0
NY,2017,14.74,102334228,0.0142723381784214
PA,2017,10.13,317008912,0.8679741430707676
IL,2017,9.49,282679316,0.4473961489861479
IN,2017,9.77,327717868,0.73700103822024
MI,2017,11.28,233655608,0.1923636493687636
OH,2017,9.84,319669776,0.8700087258327114
WI,2017,10.76,171574972,0.0
IA,2017,8.73,122645840,0.0
KS,2017,10.6,88948692,0.5622366564491802
MN,2017,10.27,113377940,0.0
MO,2017,10.03,274579264,0.028551123491002
NE,2017,9.08,89161852,0.0282755991631457
ND,2017,8.78,120170196,0.9426797105543832
SD,2017,10.05,10009988,0.0321068675923062
DE,2017,10.9,14520728,0.0
DC,2017,11.8,147900,0.0
FL,2017,10.42,429753784,0.0217738468153061
GA,2017,9.83,219244220,0.0
MD,2017,11.98,53516432,0.1672301121946268
NC,2017,9.04,194818988,0.0
SC,2017,9.97,101449004,0.0
VA,2017,9.18,124778648,0.5025491852328724
WV,2017,9.0,259951536,0.9903650414902464
AL,2017,9.83,212768380,0.42721756689526
KY,2017,8.57,253006876,0.9265484078495008
MS,2017,9.09,96604944,0.5395748333167479
TN,2017,9.45,143169296,0.0314984768815848
AR,2017,8.26,133287168,0.7478103924205503
LA,2017,7.79,199842484,0.8854263570715195
OK,2017,8.2,129320280,0.934170941330139
TX,2017,8.38,959964776,0.9315308814639568
AZ,2017,10.64,174957020,0.2157462814981112
CO,2017,9.99,142878564,0.9527663342251296
ID,2017,8.26,7084368,0.0265292452139845
MT,2017,8.92,63645344,0.8536227257532812
NV,2017,8.76,52668788,0.0164463787881826
NM,2017,9.59,91998836,0.9760936794806656
UT,2017,8.6,110790548,0.9417955126937062
WY,2017,8.28,177090016,0.9928295891674952
CA,2017,16.06,177732004,0.4839307581139277
OR,2017,8.81,31963616,0.0013946556794363
WA,2017,7.94,44030952,0.0
AK,2017,19.1,14126064,0.983763425036412
HI,2017,26.05,28497388,0.0
CT,2018,18.41,38365936,0.0
ME,2018,13.44,8806432,0.0
MA,2018,18.5,39903644,0.0
NH,2018,17.01,8762252,0.0
RI,2018,18.1,13391436,0.0
VT,2018,15.13,39904,0.0
NJ,2018,13.23,75646992,0.0
NY,2018,14.83,111745556,0.013560135966504
PA,2018,10.1,308122892,0.8790841363077537
IL,2018,9.6,289043112,0.4528291155888688
IN,2018,9.75,366214112,0.7459959784179467
MI,2018,11.4,245741200,0.1863481978157116
OH,2018,9.94,312204576,0.8917621749692696
WI,2018,10.58,167116888,0.0
IA,2018,8.92,137011516,0.0
KS,2018,10.72,94990552,0.5549069752328964
MN,2018,10.37,119220500,0.0
MO,2018,9.93,262493168,0.0249193525708753
NE,2018,9.02,102098604,0.0283046904384893
ND,2018,8.91,125127352,0.9505569598104612
SD,2018,9.97,11682072,0.029640553840511
DE,2018,10.55,12772692,0.0
DC,2018,12.03,171312,0.0
FL,2018,10.32,420835868,0.0205577638476431
GA,2018,9.62,219213468,0.0
MD,2018,11.57,71357248,0.1204135734914721
NC,2018,9.25,198569648,0.0
SC,2018,9.67,115496664,0.0
VA,2018,9.48,134015796,0.4836625002494528
WV,2018,8.72,240813852,0.9904354507754184
AL,2018,9.63,224559060,0.4444761062316283
KY,2018,8.52,265068984,0.9218807239735928
MS,2018,9.24,104627988,0.5258313387992056
TN,2018,9.58,117211632,0.0188763224466022
AR,2018,7.78,153397812,0.7082585955489498
LA,2018,7.71,203081140,0.9018656155110456
OK,2018,8.09,139888420,0.9359955356485066
TX,2018,8.48,920305228,0.9354768402721768
AZ,2018,10.85,187026696,0.2264775869830857
CO,2018,10.02,138851564,0.9568028885064268
ID,2018,8.17,7065928,0.0144106512071331
MT,2018,8.84,62454152,0.856735350894953
NV,2018,8.67,56018972,0.0136200582916075
NM,2018,9.35,73768052,0.9752483287617424
UT,2018,8.21,114176132,0.943689959116816
WY,2018,8.09,176055784,0.9930216058900948
CA,2018,16.58,174596768,0.4837842756945509
OR,2018,8.85,35198040,0.0010856671414322
WA,2018,8.0,42643396,0.0
AK,2018,19.36,13558204,0.9828816674972866
HI,2018,29.18,28788900,0.0
CT,2019,18.66,38066040,0.0
ME,2019,14.04,7292496,0.0
MA,2019,18.4,34077732,0.0
NH,2019,17.15,7808148,0.0
RI,2019,18.49,11982648,0.0
VT,2019,15.36,26932,0.0
NJ,2019,13.42,75474364,0.0
NY,2019,14.34,99227304,0.0137938423790467
PA,2019,9.81,309426608,0.8890949820352347
IL,2019,9.56,252142404,0.4311121738883732
IN,2019,9.91,311374368,0.7385422659914246
MI,2019,11.56,228926308,0.1722891497165339
OH,2019,9.58,272452836,0.9023721579158632
WI,2019,10.66,140716700,0.0
IA,2019,9.08,116192872,0.0
KS,2019,10.26,83537136,0.5203310454837954
MN,2019,10.33,100402792,0.0
MO,2019,9.68,230062080,0.0195523540005145
NE,2019,9.08,94640468,0.0247802600457252
ND,2019,8.85,114673504,0.9551391440626474
SD,2019,9.96,13155808,0.0261092954097105
DE,2019,10.52,10598924,0.0
DC,2019,12.27,440992,0.0
FL,2019,10.44,395779404,0.0218537788678282
GA,2019,9.86,204296452,0.0
MD,2019,11.24,52436104,0.1404010997242591
NC,2019,9.45,189488744,0.0
SC,2019,10.02,100439888,0.0
VA,2019,9.52,119860480,0.4895479480450047
WV,2019,8.49,227293016,0.9918708623772714
AL,2019,9.83,203366028,0.4131116394107247
KY,2019,8.61,235219732,0.9146480104104816
MS,2019,9.28,100073368,0.4666259391319161
TN,2019,9.69,109310968,0.0276696839330128
AR,2019,8.22,130056376,0.6713038597496895
LA,2019,7.71,192462788,0.9203263729120263
OK,2019,7.86,115387488,0.9352167918811984
TX,2019,8.6,870223720,0.941042046314438
AZ,2019,10.52,174248032,0.1460422428029893
CO,2019,10.17,135646612,0.9574711036717928
ID,2019,7.89,9171256,0.0074167087181533
MT,2019,9.02,65390268,0.8591745580326181
NV,2019,8.78,55685488,0.0133462265548092
NM,2019,8.99,81542476,0.9783794996904458
UT,2019,8.24,113264944,0.9454913940030016
WY,2019,8.1,156796560,0.9911150757354376
CA,2019,16.89,163495584,0.4566280362223056
OR,2019,8.81,44114400,0.000984577299867
WA,2019,8.04,58511168,0.0
AK,2019,20.22,13881760,0.983403279937475
HI,2019,28.72,29348176,0.0
CT,2020,19.13,40742364,0.0
ME,2020,13.54,7297384,0.0
MA,2020,18.19,31829956,0.0
NH,2020,16.63,6910584,0.0
RI,2020,18.54,13426908,0.0
VT,2020,16.33,32836,0.0
NJ,2020,13.63,59608204,0.0
NY,2020,14.87,107085144,0.012943396946747
PA,2020,9.7,289135096,0.8958797054070162
IL,2020,9.75,190046392,0.3388725417361555
IN,2020,9.92,259403028,0.6522601233076184
MI,2020,12.21,212730412,0.1470104336079627
OH,2020,9.44,268897880,0.8897709604677165
WI,2020,10.82,132692888,0.0
IA,2020,8.97,84541092,0.0
KS,2020,10.38,81382876,0.4604824699936828
MN,2020,10.57,83825644,0.0
MO,2020,9.64,216530984,0.0168557334425587
NE,2020,8.97,83798852,0.0237587367703762
ND,2020,8.53,109659952,0.9465614837023748
SD,2020,10.06,9447228,0.0238406696406942
DE,2020,10.24,10666772,0.0
DC,2020,11.9,430404,0.0
FL,2020,10.06,386865712,0.0165369615963986
GA,2020,9.93,159459320,0.0
MD,2020,11.15,40874444,0.1180894781732185
NC,2020,9.43,153844972,0.0
SC,2020,9.9,92322064,0.0
VA,2020,9.16,127227316,0.4378337731930162
WV,2020,8.75,198070300,0.991753890809797
AL,2020,9.84,179209432,0.3835786488436311
KY,2020,8.58,198999484,0.8805740150897874
MS,2020,9.13,106973284,0.5078783040756795
TN,2020,9.52,91126900,0.0103297294280597
AR,2020,8.32,93876688,0.6563725020290522
LA,2020,7.51,177667020,0.9110417937656712
OK,2020,7.63,105521176,0.9289624193141492
TX,2020,8.36,809774736,0.9360124910264936
AZ,2020,10.44,142855848,0.0001993218903189
CO,2020,10.27,116284348,0.9510232141639392
ID,2020,7.99,8884064,0.0007781587971511
MT,2020,9.13,41661728,0.8181246033494787
NV,2020,8.33,53922296,0.009688622960403
NM,2020,9.33,74623988,0.979509090746731
UT,2020,8.27,105188636,0.9356461042457104
WY,2020,8.27,150224008,0.987344127984495
CA,2020,18.0,173772572,0.4554482235496991
OR,2020,8.82,37485272,0.0007429764474261
WA,2020,8.33,47996332,0.0
AK,2020,19.82,13835448,0.9817200037061058
HI,2020,27.55,25673004,0.0
CT,2021,18.32,43758484,0.0
ME,2021,13.96,9141308,0.0
MA,2021,19.06,33551672,0.0
NH,2021,17.37,9042348,0.0
RI,2021,18.44,14232028,0.0
VT,2021,16.34,43144,0.0
NJ,2021,14.01,59144728,0.0
NY,2021,16.11,113418832,0.0142624393961292
PA,2021,9.97,319803856,0.902759047832119
IL,2021,10.14,228667028,0.3705410099144848
IN,2021,10.36,281737784,0.6104663618761192
MI,2021,12.93,220179124,0.1468424525865779
OH,2021,9.76,275926596,0.881993055843197
WI,2021,11.01,145632040,0.0
IA,2021,9.13,115691940,0.0
KS,2021,10.47,91163748,0.4536821514970793
MN,2021,11.08,92705176,0.0
MO,2021,9.85,238613360,0.0060769782225788
NE,2021,8.84,85018376,0.0219771813254065
ND,2021,8.65,110358784,0.9407704619885402
SD,2021,10.43,10074496,0.019179390832232
DE,2021,10.5,9857124,0.0
DC,2021,12.81,449164,0.0
FL,2021,10.67,385297444,0.0163527935245986
GA,2021,10.43,174265288,0.0
MD,2021,11.48,48161976,0.1263297090802233
NC,2021,9.29,164977180,0.0
SC,2021,9.96,100770948,0.0
VA,2021,9.14,110301904,0.454679352830686
WV,2021,8.87,231354028,0.992479635415956
AL,2021,10.18,198439776,0.3313464272550155
KY,2021,9.12,224626452,0.8888093460514553
MS,2021,9.5,102510600,0.4250904444478655
TN,2021,9.78,108429712,0.0082565650478616
AR,2021,9.1,118343172,0.6545741067568045
LA,2021,8.82,183667656,0.9113709568000248
OK,2021,8.52,111247756,0.915820693898296
TX,2021,9.14,824699632,0.932163525780822
AZ,2021,10.73,137099316,0.000542376409228
CO,2021,10.9,124513864,0.942676259468484
ID,2021,8.17,10292844,0.0108502817241232
MT,2021,9.5,51106560,0.8358804816456479
NV,2021,8.58,55596076,0.0095938056714507
NM,2021,9.79,68814772,0.9767848303385962
UT,2021,8.34,118838972,0.9283584968523682
WY,2021,8.25,146803620,0.9832198654034828
CA,2021,19.65,180298988,0.4305545167055596
OR,2021,8.95,34839148,0.0005042911440871
WA,2021,8.75,44193708,0.0
AK,2021,20.02,14227808,0.9820582223446102
HI,2021,30.31,25714884,0.0
